u;r;t;TC_curt;TC_eurt;TC_furt;G_curt;G_eurt;G_furt;F_cur;F_eur;F_fur;W_ur
1;1;1;1000000000;1000000000;1000000000;0.3;0.3;0.3;0.000015;0.000015;0.000015;300
1;1;2;1000000000;1000000000;1000000000;0.3;0.3;0.3;0.000015;0.000015;0.000015;300
1;1;3;1000000000;1000000000;1000000000;0.3;0.3;0.3;0.000015;0.000015;0.000015;300
1;1;4;1000000000;1000000000;1000000000;0.3;0.3;0.3;0.000015;0.000015;0.000015;300
1;1;5;1000000000;1000000000;1000000000;0.3;0.3;0.3;0.000015;0.000015;0.000015;300
1;1;6;1000000000;1000000000;1000000000;0.3;0.3;0.3;0.000015;0.000015;0.000015;300
1;1;7;1000000000;1000000000;1000000000;0.3;0.3;0.3;0.000015;0.000015;0.000015;300
1;1;8;1000000000;1000000000;1000000000;0.3;0.3;0.3;0.000015;0.000015;0.000015;300
1;1;9;1000000000;1000000000;1000000000;0.3;0.3;0.3;0.000015;0.000015;0.000015;300
1;1;10;1000000000;1000000000;1000000000;0.3;0.3;0.3;0.000015;0.000015;0.000015;300
1;1;11;1000000000;1000000000;1000000000;0.3;0.3;0.3;0.000015;0.000015;0.000015;300
1;1;12;1000000000;1000000000;1000000000;0.3;0.3;0.3;0.000015;0.000015;0.000015;300
1;1;13;1000000000;1000000000;1000000000;0.3;0.3;0.3;0.000015;0.000015;0.000015;300
1;1;14;1000000000;1000000000;1000000000;0.3;0.3;0.3;0.000015;0.000015;0.000015;300
1;2;1;1000000000;1000000000;1000000000;0.3;0.3;0.3;0.000015;0.000015;0.000015;600
1;2;2;1000000000;1000000000;1000000000;0.3;0.3;0.3;0.000015;0.000015;0.000015;600
1;2;3;1000000000;1000000000;1000000000;0.3;0.3;0.3;0.000015;0.000015;0.000015;600
1;2;4;1000000000;1000000000;1000000000;0.3;0.3;0.3;0.000015;0.000015;0.000015;600
1;2;5;1000000000;1000000000;1000000000;0.3;0.3;0.3;0.000015;0.000015;0.000015;600
1;2;6;1000000000;1000000000;1000000000;0.3;0.3;0.3;0.000015;0.000015;0.000015;600
1;2;7;1000000000;1000000000;1000000000;0.3;0.3;0.3;0.000015;0.000015;0.000015;600
1;2;8;1000000000;1000000000;1000000000;0.3;0.3;0.3;0.000015;0.000015;0.000015;600
1;2;9;1000000000;1000000000;1000000000;0.3;0.3;0.3;0.000015;0.000015;0.000015;600
1;2;10;1000000000;1000000000;1000000000;0.3;0.3;0.3;0.000015;0.000015;0.000015;600
1;2;11;1000000000;1000000000;1000000000;0.3;0.3;0.3;0.000015;0.000015;0.000015;600
1;2;12;1000000000;1000000000;1000000000;0.3;0.3;0.3;0.000015;0.000015;0.000015;600
1;2;13;1000000000;1000000000;1000000000;0.3;0.3;0.3;0.000015;0.000015;0.000015;600
1;2;14;1000000000;1000000000;1000000000;0.3;0.3;0.3;0.000015;0.000015;0.000015;600
1;3;1;1000000000;1000000000;1000000000;0.3;0.3;0.3;0.000015;0.000015;0.000015;719
1;3;2;1000000000;1000000000;1000000000;0.3;0.3;0.3;0.000015;0.000015;0.000015;719
1;3;3;1000000000;1000000000;1000000000;0.3;0.3;0.3;0.000015;0.000015;0.000015;719
1;3;4;1000000000;1000000000;1000000000;0.3;0.3;0.3;0.000015;0.000015;0.000015;719
1;3;5;1000000000;1000000000;1000000000;0.3;0.3;0.3;0.000015;0.000015;0.000015;719
1;3;6;1000000000;1000000000;1000000000;0.3;0.3;0.3;0.000015;0.000015;0.000015;719
1;3;7;1000000000;1000000000;1000000000;0.3;0.3;0.3;0.000015;0.000015;0.000015;719
1;3;8;1000000000;1000000000;1000000000;0.3;0.3;0.3;0.000015;0.000015;0.000015;719
1;3;9;1000000000;1000000000;1000000000;0.3;0.3;0.3;0.000015;0.000015;0.000015;719
1;3;10;1000000000;1000000000;1000000000;0.3;0.3;0.3;0.000015;0.000015;0.000015;719
1;3;11;1000000000;1000000000;1000000000;0.3;0.3;0.3;0.000015;0.000015;0.000015;719
1;3;12;1000000000;1000000000;1000000000;0.3;0.3;0.3;0.000015;0.000015;0.000015;719
1;3;13;1000000000;1000000000;1000000000;0.3;0.3;0.3;0.000015;0.000015;0.000015;719
1;3;14;1000000000;1000000000;1000000000;0.3;0.3;0.3;0.000015;0.000015;0.000015;719
1;4;1;1000000000;1000000000;1000000000;0.3;0.3;0.3;0.000015;0.000015;0.000015;527
1;4;2;1000000000;1000000000;1000000000;0.3;0.3;0.3;0.000015;0.000015;0.000015;527
1;4;3;1000000000;1000000000;1000000000;0.3;0.3;0.3;0.000015;0.000015;0.000015;527
1;4;4;1000000000;1000000000;1000000000;0.3;0.3;0.3;0.000015;0.000015;0.000015;527
1;4;5;1000000000;1000000000;1000000000;0.3;0.3;0.3;0.000015;0.000015;0.000015;527
1;4;6;1000000000;1000000000;1000000000;0.3;0.3;0.3;0.000015;0.000015;0.000015;527
1;4;7;1000000000;1000000000;1000000000;0.3;0.3;0.3;0.000015;0.000015;0.000015;527
1;4;8;1000000000;1000000000;1000000000;0.3;0.3;0.3;0.000015;0.000015;0.000015;527
1;4;9;1000000000;1000000000;1000000000;0.3;0.3;0.3;0.000015;0.000015;0.000015;527
1;4;10;1000000000;1000000000;1000000000;0.3;0.3;0.3;0.000015;0.000015;0.000015;527
1;4;11;1000000000;1000000000;1000000000;0.3;0.3;0.3;0.000015;0.000015;0.000015;527
1;4;12;1000000000;1000000000;1000000000;0.3;0.3;0.3;0.000015;0.000015;0.000015;527
1;4;13;1000000000;1000000000;1000000000;0.3;0.3;0.3;0.000015;0.000015;0.000015;527
1;4;14;1000000000;1000000000;1000000000;0.3;0.3;0.3;0.000015;0.000015;0.000015;527
1;5;1;1000000000;1000000000;1000000000;0.3;0.3;0.3;0.000015;0.000015;0.000015;279
1;5;2;1000000000;1000000000;1000000000;0.3;0.3;0.3;0.000015;0.000015;0.000015;279
1;5;3;1000000000;1000000000;1000000000;0.3;0.3;0.3;0.000015;0.000015;0.000015;279
1;5;4;1000000000;1000000000;1000000000;0.3;0.3;0.3;0.000015;0.000015;0.000015;279
1;5;5;1000000000;1000000000;1000000000;0.3;0.3;0.3;0.000015;0.000015;0.000015;279
1;5;6;1000000000;1000000000;1000000000;0.3;0.3;0.3;0.000015;0.000015;0.000015;279
1;5;7;1000000000;1000000000;1000000000;0.3;0.3;0.3;0.000015;0.000015;0.000015;279
1;5;8;1000000000;1000000000;1000000000;0.3;0.3;0.3;0.000015;0.000015;0.000015;279
1;5;9;1000000000;1000000000;1000000000;0.3;0.3;0.3;0.000015;0.000015;0.000015;279
1;5;10;1000000000;1000000000;1000000000;0.3;0.3;0.3;0.000015;0.000015;0.000015;279
1;5;11;1000000000;1000000000;1000000000;0.3;0.3;0.3;0.000015;0.000015;0.000015;279
1;5;12;1000000000;1000000000;1000000000;0.3;0.3;0.3;0.000015;0.000015;0.000015;279
1;5;13;1000000000;1000000000;1000000000;0.3;0.3;0.3;0.000015;0.000015;0.000015;279
1;5;14;1000000000;1000000000;1000000000;0.3;0.3;0.3;0.000015;0.000015;0.000015;279
1;6;1;1000000000;1000000000;1000000000;0.3;0.3;0.3;0.000015;0.000015;0.000015;291
1;6;2;1000000000;1000000000;1000000000;0.3;0.3;0.3;0.000015;0.000015;0.000015;291
1;6;3;1000000000;1000000000;1000000000;0.3;0.3;0.3;0.000015;0.000015;0.000015;291
1;6;4;1000000000;1000000000;1000000000;0.3;0.3;0.3;0.000015;0.000015;0.000015;291
1;6;5;1000000000;1000000000;1000000000;0.3;0.3;0.3;0.000015;0.000015;0.000015;291
1;6;6;1000000000;1000000000;1000000000;0.3;0.3;0.3;0.000015;0.000015;0.000015;291
1;6;7;1000000000;1000000000;1000000000;0.3;0.3;0.3;0.000015;0.000015;0.000015;291
1;6;8;1000000000;1000000000;1000000000;0.3;0.3;0.3;0.000015;0.000015;0.000015;291
1;6;9;1000000000;1000000000;1000000000;0.3;0.3;0.3;0.000015;0.000015;0.000015;291
1;6;10;1000000000;1000000000;1000000000;0.3;0.3;0.3;0.000015;0.000015;0.000015;291
1;6;11;1000000000;1000000000;1000000000;0.3;0.3;0.3;0.000015;0.000015;0.000015;291
1;6;12;1000000000;1000000000;1000000000;0.3;0.3;0.3;0.000015;0.000015;0.000015;291
1;6;13;1000000000;1000000000;1000000000;0.3;0.3;0.3;0.000015;0.000015;0.000015;291
1;6;14;1000000000;1000000000;1000000000;0.3;0.3;0.3;0.000015;0.000015;0.000015;291
1;7;1;1000000000;1000000000;1000000000;0.3;0.3;0.3;0.000015;0.000015;0.000015;311
1;7;2;1000000000;1000000000;1000000000;0.3;0.3;0.3;0.000015;0.000015;0.000015;311
1;7;3;1000000000;1000000000;1000000000;0.3;0.3;0.3;0.000015;0.000015;0.000015;311
1;7;4;1000000000;1000000000;1000000000;0.3;0.3;0.3;0.000015;0.000015;0.000015;311
1;7;5;1000000000;1000000000;1000000000;0.3;0.3;0.3;0.000015;0.000015;0.000015;311
1;7;6;1000000000;1000000000;1000000000;0.3;0.3;0.3;0.000015;0.000015;0.000015;311
1;7;7;1000000000;1000000000;1000000000;0.3;0.3;0.3;0.000015;0.000015;0.000015;311
1;7;8;1000000000;1000000000;1000000000;0.3;0.3;0.3;0.000015;0.000015;0.000015;311
1;7;9;1000000000;1000000000;1000000000;0.3;0.3;0.3;0.000015;0.000015;0.000015;311
1;7;10;1000000000;1000000000;1000000000;0.3;0.3;0.3;0.000015;0.000015;0.000015;311
1;7;11;1000000000;1000000000;1000000000;0.3;0.3;0.3;0.000015;0.000015;0.000015;311
1;7;12;1000000000;1000000000;1000000000;0.3;0.3;0.3;0.000015;0.000015;0.000015;311
1;7;13;1000000000;1000000000;1000000000;0.3;0.3;0.3;0.000015;0.000015;0.000015;311
1;7;14;1000000000;1000000000;1000000000;0.3;0.3;0.3;0.000015;0.000015;0.000015;311
1;8;1;1000000000;1000000000;1000000000;0.3;0.3;0.3;0.000015;0.000015;0.000015;143
1;8;2;1000000000;1000000000;1000000000;0.3;0.3;0.3;0.000015;0.000015;0.000015;143
1;8;3;1000000000;1000000000;1000000000;0.3;0.3;0.3;0.000015;0.000015;0.000015;143
1;8;4;1000000000;1000000000;1000000000;0.3;0.3;0.3;0.000015;0.000015;0.000015;143
1;8;5;1000000000;1000000000;1000000000;0.3;0.3;0.3;0.000015;0.000015;0.000015;143
1;8;6;1000000000;1000000000;1000000000;0.3;0.3;0.3;0.000015;0.000015;0.000015;143
1;8;7;1000000000;1000000000;1000000000;0.3;0.3;0.3;0.000015;0.000015;0.000015;143
1;8;8;1000000000;1000000000;1000000000;0.3;0.3;0.3;0.000015;0.000015;0.000015;143
1;8;9;1000000000;1000000000;1000000000;0.3;0.3;0.3;0.000015;0.000015;0.000015;143
1;8;10;1000000000;1000000000;1000000000;0.3;0.3;0.3;0.000015;0.000015;0.000015;143
1;8;11;1000000000;1000000000;1000000000;0.3;0.3;0.3;0.000015;0.000015;0.000015;143
1;8;12;1000000000;1000000000;1000000000;0.3;0.3;0.3;0.000015;0.000015;0.000015;143
1;8;13;1000000000;1000000000;1000000000;0.3;0.3;0.3;0.000015;0.000015;0.000015;143
1;8;14;1000000000;1000000000;1000000000;0.3;0.3;0.3;0.000015;0.000015;0.000015;143
1;9;1;1000000000;1000000000;1000000000;0.3;0.3;0.3;0.000015;0.000015;0.000015;177
1;9;2;1000000000;1000000000;1000000000;0.3;0.3;0.3;0.000015;0.000015;0.000015;177
1;9;3;1000000000;1000000000;1000000000;0.3;0.3;0.3;0.000015;0.000015;0.000015;177
1;9;4;1000000000;1000000000;1000000000;0.3;0.3;0.3;0.000015;0.000015;0.000015;177
1;9;5;1000000000;1000000000;1000000000;0.3;0.3;0.3;0.000015;0.000015;0.000015;177
1;9;6;1000000000;1000000000;1000000000;0.3;0.3;0.3;0.000015;0.000015;0.000015;177
1;9;7;1000000000;1000000000;1000000000;0.3;0.3;0.3;0.000015;0.000015;0.000015;177
1;9;8;1000000000;1000000000;1000000000;0.3;0.3;0.3;0.000015;0.000015;0.000015;177
1;9;9;1000000000;1000000000;1000000000;0.3;0.3;0.3;0.000015;0.000015;0.000015;177
1;9;10;1000000000;1000000000;1000000000;0.3;0.3;0.3;0.000015;0.000015;0.000015;177
1;9;11;1000000000;1000000000;1000000000;0.3;0.3;0.3;0.000015;0.000015;0.000015;177
1;9;12;1000000000;1000000000;1000000000;0.3;0.3;0.3;0.000015;0.000015;0.000015;177
1;9;13;1000000000;1000000000;1000000000;0.3;0.3;0.3;0.000015;0.000015;0.000015;177
1;9;14;1000000000;1000000000;1000000000;0.3;0.3;0.3;0.000015;0.000015;0.000015;177
1;10;1;1000000000;1000000000;1000000000;0.3;0.3;0.3;0.000015;0.000015;0.000015;501
1;10;2;1000000000;1000000000;1000000000;0.3;0.3;0.3;0.000015;0.000015;0.000015;501
1;10;3;1000000000;1000000000;1000000000;0.3;0.3;0.3;0.000015;0.000015;0.000015;501
1;10;4;1000000000;1000000000;1000000000;0.3;0.3;0.3;0.000015;0.000015;0.000015;501
1;10;5;1000000000;1000000000;1000000000;0.3;0.3;0.3;0.000015;0.000015;0.000015;501
1;10;6;1000000000;1000000000;1000000000;0.3;0.3;0.3;0.000015;0.000015;0.000015;501
1;10;7;1000000000;1000000000;1000000000;0.3;0.3;0.3;0.000015;0.000015;0.000015;501
1;10;8;1000000000;1000000000;1000000000;0.3;0.3;0.3;0.000015;0.000015;0.000015;501
1;10;9;1000000000;1000000000;1000000000;0.3;0.3;0.3;0.000015;0.000015;0.000015;501
1;10;10;1000000000;1000000000;1000000000;0.3;0.3;0.3;0.000015;0.000015;0.000015;501
1;10;11;1000000000;1000000000;1000000000;0.3;0.3;0.3;0.000015;0.000015;0.000015;501
1;10;12;1000000000;1000000000;1000000000;0.3;0.3;0.3;0.000015;0.000015;0.000015;501
1;10;13;1000000000;1000000000;1000000000;0.3;0.3;0.3;0.000015;0.000015;0.000015;501
1;10;14;1000000000;1000000000;1000000000;0.3;0.3;0.3;0.000015;0.000015;0.000015;501
2;1;1;1000000000;1000000000;1000000000;0.3;0.3;0.3;0.000015;0.000015;0.000015;315
2;1;2;1000000000;1000000000;1000000000;0.3;0.3;0.3;0.000015;0.000015;0.000015;315
2;1;3;1000000000;1000000000;1000000000;0.3;0.3;0.3;0.000015;0.000015;0.000015;315
2;1;4;1000000000;1000000000;1000000000;0.3;0.3;0.3;0.000015;0.000015;0.000015;315
2;1;5;1000000000;1000000000;1000000000;0.3;0.3;0.3;0.000015;0.000015;0.000015;315
2;1;6;1000000000;1000000000;1000000000;0.3;0.3;0.3;0.000015;0.000015;0.000015;315
2;1;7;1000000000;1000000000;1000000000;0.3;0.3;0.3;0.000015;0.000015;0.000015;315
2;1;8;1000000000;1000000000;1000000000;0.3;0.3;0.3;0.000015;0.000015;0.000015;315
2;1;9;1000000000;1000000000;1000000000;0.3;0.3;0.3;0.000015;0.000015;0.000015;315
2;1;10;1000000000;1000000000;1000000000;0.3;0.3;0.3;0.000015;0.000015;0.000015;315
2;1;11;1000000000;1000000000;1000000000;0.3;0.3;0.3;0.000015;0.000015;0.000015;315
2;1;12;1000000000;1000000000;1000000000;0.3;0.3;0.3;0.000015;0.000015;0.000015;315
2;1;13;1000000000;1000000000;1000000000;0.3;0.3;0.3;0.000015;0.000015;0.000015;315
2;1;14;1000000000;1000000000;1000000000;0.3;0.3;0.3;0.000015;0.000015;0.000015;315
2;2;1;1000000000;1000000000;1000000000;0.3;0.3;0.3;0.000015;0.000015;0.000015;289
2;2;2;1000000000;1000000000;1000000000;0.3;0.3;0.3;0.000015;0.000015;0.000015;289
2;2;3;1000000000;1000000000;1000000000;0.3;0.3;0.3;0.000015;0.000015;0.000015;289
2;2;4;1000000000;1000000000;1000000000;0.3;0.3;0.3;0.000015;0.000015;0.000015;289
2;2;5;1000000000;1000000000;1000000000;0.3;0.3;0.3;0.000015;0.000015;0.000015;289
2;2;6;1000000000;1000000000;1000000000;0.3;0.3;0.3;0.000015;0.000015;0.000015;289
2;2;7;1000000000;1000000000;1000000000;0.3;0.3;0.3;0.000015;0.000015;0.000015;289
2;2;8;1000000000;1000000000;1000000000;0.3;0.3;0.3;0.000015;0.000015;0.000015;289
2;2;9;1000000000;1000000000;1000000000;0.3;0.3;0.3;0.000015;0.000015;0.000015;289
2;2;10;1000000000;1000000000;1000000000;0.3;0.3;0.3;0.000015;0.000015;0.000015;289
2;2;11;1000000000;1000000000;1000000000;0.3;0.3;0.3;0.000015;0.000015;0.000015;289
2;2;12;1000000000;1000000000;1000000000;0.3;0.3;0.3;0.000015;0.000015;0.000015;289
2;2;13;1000000000;1000000000;1000000000;0.3;0.3;0.3;0.000015;0.000015;0.000015;289
2;2;14;1000000000;1000000000;1000000000;0.3;0.3;0.3;0.000015;0.000015;0.000015;289
2;3;1;1000000000;1000000000;1000000000;0.3;0.3;0.3;0.000015;0.000015;0.000015;673
2;3;2;1000000000;1000000000;1000000000;0.3;0.3;0.3;0.000015;0.000015;0.000015;673
2;3;3;1000000000;1000000000;1000000000;0.3;0.3;0.3;0.000015;0.000015;0.000015;673
2;3;4;1000000000;1000000000;1000000000;0.3;0.3;0.3;0.000015;0.000015;0.000015;673
2;3;5;1000000000;1000000000;1000000000;0.3;0.3;0.3;0.000015;0.000015;0.000015;673
2;3;6;1000000000;1000000000;1000000000;0.3;0.3;0.3;0.000015;0.000015;0.000015;673
2;3;7;1000000000;1000000000;1000000000;0.3;0.3;0.3;0.000015;0.000015;0.000015;673
2;3;8;1000000000;1000000000;1000000000;0.3;0.3;0.3;0.000015;0.000015;0.000015;673
2;3;9;1000000000;1000000000;1000000000;0.3;0.3;0.3;0.000015;0.000015;0.000015;673
2;3;10;1000000000;1000000000;1000000000;0.3;0.3;0.3;0.000015;0.000015;0.000015;673
2;3;11;1000000000;1000000000;1000000000;0.3;0.3;0.3;0.000015;0.000015;0.000015;673
2;3;12;1000000000;1000000000;1000000000;0.3;0.3;0.3;0.000015;0.000015;0.000015;673
2;3;13;1000000000;1000000000;1000000000;0.3;0.3;0.3;0.000015;0.000015;0.000015;673
2;3;14;1000000000;1000000000;1000000000;0.3;0.3;0.3;0.000015;0.000015;0.000015;673
2;4;1;1000000000;1000000000;1000000000;0.3;0.3;0.3;0.000015;0.000015;0.000015;823
2;4;2;1000000000;1000000000;1000000000;0.3;0.3;0.3;0.000015;0.000015;0.000015;823
2;4;3;1000000000;1000000000;1000000000;0.3;0.3;0.3;0.000015;0.000015;0.000015;823
2;4;4;1000000000;1000000000;1000000000;0.3;0.3;0.3;0.000015;0.000015;0.000015;823
2;4;5;1000000000;1000000000;1000000000;0.3;0.3;0.3;0.000015;0.000015;0.000015;823
2;4;6;1000000000;1000000000;1000000000;0.3;0.3;0.3;0.000015;0.000015;0.000015;823
2;4;7;1000000000;1000000000;1000000000;0.3;0.3;0.3;0.000015;0.000015;0.000015;823
2;4;8;1000000000;1000000000;1000000000;0.3;0.3;0.3;0.000015;0.000015;0.000015;823
2;4;9;1000000000;1000000000;1000000000;0.3;0.3;0.3;0.000015;0.000015;0.000015;823
2;4;10;1000000000;1000000000;1000000000;0.3;0.3;0.3;0.000015;0.000015;0.000015;823
2;4;11;1000000000;1000000000;1000000000;0.3;0.3;0.3;0.000015;0.000015;0.000015;823
2;4;12;1000000000;1000000000;1000000000;0.3;0.3;0.3;0.000015;0.000015;0.000015;823
2;4;13;1000000000;1000000000;1000000000;0.3;0.3;0.3;0.000015;0.000015;0.000015;823
2;4;14;1000000000;1000000000;1000000000;0.3;0.3;0.3;0.000015;0.000015;0.000015;823
2;5;1;1000000000;1000000000;1000000000;0.3;0.3;0.3;0.000015;0.000015;0.000015;519
2;5;2;1000000000;1000000000;1000000000;0.3;0.3;0.3;0.000015;0.000015;0.000015;519
2;5;3;1000000000;1000000000;1000000000;0.3;0.3;0.3;0.000015;0.000015;0.000015;519
2;5;4;1000000000;1000000000;1000000000;0.3;0.3;0.3;0.000015;0.000015;0.000015;519
2;5;5;1000000000;1000000000;1000000000;0.3;0.3;0.3;0.000015;0.000015;0.000015;519
2;5;6;1000000000;1000000000;1000000000;0.3;0.3;0.3;0.000015;0.000015;0.000015;519
2;5;7;1000000000;1000000000;1000000000;0.3;0.3;0.3;0.000015;0.000015;0.000015;519
2;5;8;1000000000;1000000000;1000000000;0.3;0.3;0.3;0.000015;0.000015;0.000015;519
2;5;9;1000000000;1000000000;1000000000;0.3;0.3;0.3;0.000015;0.000015;0.000015;519
2;5;10;1000000000;1000000000;1000000000;0.3;0.3;0.3;0.000015;0.000015;0.000015;519
2;5;11;1000000000;1000000000;1000000000;0.3;0.3;0.3;0.000015;0.000015;0.000015;519
2;5;12;1000000000;1000000000;1000000000;0.3;0.3;0.3;0.000015;0.000015;0.000015;519
2;5;13;1000000000;1000000000;1000000000;0.3;0.3;0.3;0.000015;0.000015;0.000015;519
2;5;14;1000000000;1000000000;1000000000;0.3;0.3;0.3;0.000015;0.000015;0.000015;519
2;6;1;1000000000;1000000000;1000000000;0.3;0.3;0.3;0.000015;0.000015;0.000015;422
2;6;2;1000000000;1000000000;1000000000;0.3;0.3;0.3;0.000015;0.000015;0.000015;422
2;6;3;1000000000;1000000000;1000000000;0.3;0.3;0.3;0.000015;0.000015;0.000015;422
2;6;4;1000000000;1000000000;1000000000;0.3;0.3;0.3;0.000015;0.000015;0.000015;422
2;6;5;1000000000;1000000000;1000000000;0.3;0.3;0.3;0.000015;0.000015;0.000015;422
2;6;6;1000000000;1000000000;1000000000;0.3;0.3;0.3;0.000015;0.000015;0.000015;422
2;6;7;1000000000;1000000000;1000000000;0.3;0.3;0.3;0.000015;0.000015;0.000015;422
2;6;8;1000000000;1000000000;1000000000;0.3;0.3;0.3;0.000015;0.000015;0.000015;422
2;6;9;1000000000;1000000000;1000000000;0.3;0.3;0.3;0.000015;0.000015;0.000015;422
2;6;10;1000000000;1000000000;1000000000;0.3;0.3;0.3;0.000015;0.000015;0.000015;422
2;6;11;1000000000;1000000000;1000000000;0.3;0.3;0.3;0.000015;0.000015;0.000015;422
2;6;12;1000000000;1000000000;1000000000;0.3;0.3;0.3;0.000015;0.000015;0.000015;422
2;6;13;1000000000;1000000000;1000000000;0.3;0.3;0.3;0.000015;0.000015;0.000015;422
2;6;14;1000000000;1000000000;1000000000;0.3;0.3;0.3;0.000015;0.000015;0.000015;422
2;7;1;1000000000;1000000000;1000000000;0.3;0.3;0.3;0.000015;0.000015;0.000015;399
2;7;2;1000000000;1000000000;1000000000;0.3;0.3;0.3;0.000015;0.000015;0.000015;399
2;7;3;1000000000;1000000000;1000000000;0.3;0.3;0.3;0.000015;0.000015;0.000015;399
2;7;4;1000000000;1000000000;1000000000;0.3;0.3;0.3;0.000015;0.000015;0.000015;399
2;7;5;1000000000;1000000000;1000000000;0.3;0.3;0.3;0.000015;0.000015;0.000015;399
2;7;6;1000000000;1000000000;1000000000;0.3;0.3;0.3;0.000015;0.000015;0.000015;399
2;7;7;1000000000;1000000000;1000000000;0.3;0.3;0.3;0.000015;0.000015;0.000015;399
2;7;8;1000000000;1000000000;1000000000;0.3;0.3;0.3;0.000015;0.000015;0.000015;399
2;7;9;1000000000;1000000000;1000000000;0.3;0.3;0.3;0.000015;0.000015;0.000015;399
2;7;10;1000000000;1000000000;1000000000;0.3;0.3;0.3;0.000015;0.000015;0.000015;399
2;7;11;1000000000;1000000000;1000000000;0.3;0.3;0.3;0.000015;0.000015;0.000015;399
2;7;12;1000000000;1000000000;1000000000;0.3;0.3;0.3;0.000015;0.000015;0.000015;399
2;7;13;1000000000;1000000000;1000000000;0.3;0.3;0.3;0.000015;0.000015;0.000015;399
2;7;14;1000000000;1000000000;1000000000;0.3;0.3;0.3;0.000015;0.000015;0.000015;399
2;8;1;1000000000;1000000000;1000000000;0.3;0.3;0.3;0.000015;0.000015;0.000015;182
2;8;2;1000000000;1000000000;1000000000;0.3;0.3;0.3;0.000015;0.000015;0.000015;182
2;8;3;1000000000;1000000000;1000000000;0.3;0.3;0.3;0.000015;0.000015;0.000015;182
2;8;4;1000000000;1000000000;1000000000;0.3;0.3;0.3;0.000015;0.000015;0.000015;182
2;8;5;1000000000;1000000000;1000000000;0.3;0.3;0.3;0.000015;0.000015;0.000015;182
2;8;6;1000000000;1000000000;1000000000;0.3;0.3;0.3;0.000015;0.000015;0.000015;182
2;8;7;1000000000;1000000000;1000000000;0.3;0.3;0.3;0.000015;0.000015;0.000015;182
2;8;8;1000000000;1000000000;1000000000;0.3;0.3;0.3;0.000015;0.000015;0.000015;182
2;8;9;1000000000;1000000000;1000000000;0.3;0.3;0.3;0.000015;0.000015;0.000015;182
2;8;10;1000000000;1000000000;1000000000;0.3;0.3;0.3;0.000015;0.000015;0.000015;182
2;8;11;1000000000;1000000000;1000000000;0.3;0.3;0.3;0.000015;0.000015;0.000015;182
2;8;12;1000000000;1000000000;1000000000;0.3;0.3;0.3;0.000015;0.000015;0.000015;182
2;8;13;1000000000;1000000000;1000000000;0.3;0.3;0.3;0.000015;0.000015;0.000015;182
2;8;14;1000000000;1000000000;1000000000;0.3;0.3;0.3;0.000015;0.000015;0.000015;182
2;9;1;1000000000;1000000000;1000000000;0.3;0.3;0.3;0.000015;0.000015;0.000015;480
2;9;2;1000000000;1000000000;1000000000;0.3;0.3;0.3;0.000015;0.000015;0.000015;480
2;9;3;1000000000;1000000000;1000000000;0.3;0.3;0.3;0.000015;0.000015;0.000015;480
2;9;4;1000000000;1000000000;1000000000;0.3;0.3;0.3;0.000015;0.000015;0.000015;480
2;9;5;1000000000;1000000000;1000000000;0.3;0.3;0.3;0.000015;0.000015;0.000015;480
2;9;6;1000000000;1000000000;1000000000;0.3;0.3;0.3;0.000015;0.000015;0.000015;480
2;9;7;1000000000;1000000000;1000000000;0.3;0.3;0.3;0.000015;0.000015;0.000015;480
2;9;8;1000000000;1000000000;1000000000;0.3;0.3;0.3;0.000015;0.000015;0.000015;480
2;9;9;1000000000;1000000000;1000000000;0.3;0.3;0.3;0.000015;0.000015;0.000015;480
2;9;10;1000000000;1000000000;1000000000;0.3;0.3;0.3;0.000015;0.000015;0.000015;480
2;10;1;1000000000;1000000000;1000000000;0.3;0.3;0.3;0.000015;0.000015;0.000015;391
2;10;2;1000000000;1000000000;1000000000;0.3;0.3;0.3;0.000015;0.000015;0.000015;391
2;10;3;1000000000;1000000000;1000000000;0.3;0.3;0.3;0.000015;0.000015;0.000015;391
2;10;4;1000000000;1000000000;1000000000;0.3;0.3;0.3;0.000015;0.000015;0.000015;391
2;10;5;1000000000;1000000000;1000000000;0.3;0.3;0.3;0.000015;0.000015;0.000015;391
2;10;6;1000000000;1000000000;1000000000;0.3;0.3;0.3;0.000015;0.000015;0.000015;391
2;10;7;1000000000;1000000000;1000000000;0.3;0.3;0.3;0.000015;0.000015;0.000015;391
2;10;8;1000000000;1000000000;1000000000;0.3;0.3;0.3;0.000015;0.000015;0.000015;391
2;10;9;1000000000;1000000000;1000000000;0.3;0.3;0.3;0.000015;0.000015;0.000015;391
2;10;10;1000000000;1000000000;1000000000;0.3;0.3;0.3;0.000015;0.000015;0.000015;391
2;10;11;1000000000;1000000000;1000000000;0.3;0.3;0.3;0.000015;0.000015;0.000015;391
2;10;12;1000000000;1000000000;1000000000;0.3;0.3;0.3;0.000015;0.000015;0.000015;391
2;10;13;1000000000;1000000000;1000000000;0.3;0.3;0.3;0.000015;0.000015;0.000015;391
2;10;14;1000000000;1000000000;1000000000;0.3;0.3;0.3;0.000015;0.000015;0.000015;391
3;1;1;1000000000;1000000000;1000000000;0.3;0.3;0.3;0.000015;0.000015;0.000015;415
3;1;2;1000000000;1000000000;1000000000;0.3;0.3;0.3;0.000015;0.000015;0.000015;415
3;1;3;1000000000;1000000000;1000000000;0.3;0.3;0.3;0.000015;0.000015;0.000015;415
3;1;4;1000000000;1000000000;1000000000;0.3;0.3;0.3;0.000015;0.000015;0.000015;415
3;1;5;1000000000;1000000000;1000000000;0.3;0.3;0.3;0.000015;0.000015;0.000015;415
3;1;6;1000000000;1000000000;1000000000;0.3;0.3;0.3;0.000015;0.000015;0.000015;415
3;1;7;1000000000;1000000000;1000000000;0.3;0.3;0.3;0.000015;0.000015;0.000015;415
3;1;8;1000000000;1000000000;1000000000;0.3;0.3;0.3;0.000015;0.000015;0.000015;415
3;1;9;1000000000;1000000000;1000000000;0.3;0.3;0.3;0.000015;0.000015;0.000015;415
3;1;10;1000000000;1000000000;1000000000;0.3;0.3;0.3;0.000015;0.000015;0.000015;415
3;1;11;1000000000;1000000000;1000000000;0.3;0.3;0.3;0.000015;0.000015;0.000015;415
3;1;12;1000000000;1000000000;1000000000;0.3;0.3;0.3;0.000015;0.000015;0.000015;415
3;1;13;1000000000;1000000000;1000000000;0.3;0.3;0.3;0.000015;0.000015;0.000015;415
3;1;14;1000000000;1000000000;1000000000;0.3;0.3;0.3;0.000015;0.000015;0.000015;415
3;2;1;1000000000;1000000000;1000000000;0.3;0.3;0.3;0.000015;0.000015;0.000015;618
3;2;2;1000000000;1000000000;1000000000;0.3;0.3;0.3;0.000015;0.000015;0.000015;618
3;2;3;1000000000;1000000000;1000000000;0.3;0.3;0.3;0.000015;0.000015;0.000015;618
3;2;4;1000000000;1000000000;1000000000;0.3;0.3;0.3;0.000015;0.000015;0.000015;618
3;2;5;1000000000;1000000000;1000000000;0.3;0.3;0.3;0.000015;0.000015;0.000015;618
3;2;6;1000000000;1000000000;1000000000;0.3;0.3;0.3;0.000015;0.000015;0.000015;618
3;2;7;1000000000;1000000000;1000000000;0.3;0.3;0.3;0.000015;0.000015;0.000015;618
3;2;8;1000000000;1000000000;1000000000;0.3;0.3;0.3;0.000015;0.000015;0.000015;618
3;2;9;1000000000;1000000000;1000000000;0.3;0.3;0.3;0.000015;0.000015;0.000015;618
3;2;10;1000000000;1000000000;1000000000;0.3;0.3;0.3;0.000015;0.000015;0.000015;618
3;2;11;1000000000;1000000000;1000000000;0.3;0.3;0.3;0.000015;0.000015;0.000015;618
3;2;12;1000000000;1000000000;1000000000;0.3;0.3;0.3;0.000015;0.000015;0.000015;618
3;2;13;1000000000;1000000000;1000000000;0.3;0.3;0.3;0.000015;0.000015;0.000015;618
3;2;14;1000000000;1000000000;1000000000;0.3;0.3;0.3;0.000015;0.000015;0.000015;618
3;3;2;1000000000;1000000000;1000000000;0.3;0.3;0.3;0.000015;0.000015;0.000015;618
3;3;3;1000000000;1000000000;1000000000;0.3;0.3;0.3;0.000015;0.000015;0.000015;618
3;3;4;1000000000;1000000000;1000000000;0.3;0.3;0.3;0.000015;0.000015;0.000015;618
3;3;5;1000000000;1000000000;1000000000;0.3;0.3;0.3;0.000015;0.000015;0.000015;618
3;3;6;1000000000;1000000000;1000000000;0.3;0.3;0.3;0.000015;0.000015;0.000015;618
3;3;7;1000000000;1000000000;1000000000;0.3;0.3;0.3;0.000015;0.000015;0.000015;618
3;3;8;1000000000;1000000000;1000000000;0.3;0.3;0.3;0.000015;0.000015;0.000015;618
3;3;9;1000000000;1000000000;1000000000;0.3;0.3;0.3;0.000015;0.000015;0.000015;618
3;3;10;1000000000;1000000000;1000000000;0.3;0.3;0.3;0.000015;0.000015;0.000015;618
3;3;11;1000000000;1000000000;1000000000;0.3;0.3;0.3;0.000015;0.000015;0.000015;618
3;3;12;1000000000;1000000000;1000000000;0.3;0.3;0.3;0.000015;0.000015;0.000015;618
3;3;13;1000000000;1000000000;1000000000;0.3;0.3;0.3;0.000015;0.000015;0.000015;618
3;3;14;1000000000;1000000000;1000000000;0.3;0.3;0.3;0.000015;0.000015;0.000015;618
3;4;1;1000000000;1000000000;1000000000;0.3;0.3;0.3;0.000015;0.000015;0.000015;261
3;4;2;1000000000;1000000000;1000000000;0.3;0.3;0.3;0.000015;0.000015;0.000015;261
3;4;3;1000000000;1000000000;1000000000;0.3;0.3;0.3;0.000015;0.000015;0.000015;261
3;4;4;1000000000;1000000000;1000000000;0.3;0.3;0.3;0.000015;0.000015;0.000015;261
3;4;5;1000000000;1000000000;1000000000;0.3;0.3;0.3;0.000015;0.000015;0.000015;261
3;4;6;1000000000;1000000000;1000000000;0.3;0.3;0.3;0.000015;0.000015;0.000015;261
3;4;7;1000000000;1000000000;1000000000;0.3;0.3;0.3;0.000015;0.000015;0.000015;261
3;4;8;1000000000;1000000000;1000000000;0.3;0.3;0.3;0.000015;0.000015;0.000015;261
3;4;9;1000000000;1000000000;1000000000;0.3;0.3;0.3;0.000015;0.000015;0.000015;261
3;4;10;1000000000;1000000000;1000000000;0.3;0.3;0.3;0.000015;0.000015;0.000015;261
3;4;11;1000000000;1000000000;1000000000;0.3;0.3;0.3;0.000015;0.000015;0.000015;261
3;4;12;1000000000;1000000000;1000000000;0.3;0.3;0.3;0.000015;0.000015;0.000015;261
3;4;13;1000000000;1000000000;1000000000;0.3;0.3;0.3;0.000015;0.000015;0.000015;261
3;4;14;1000000000;1000000000;1000000000;0.3;0.3;0.3;0.000015;0.000015;0.000015;261
3;5;1;1000000000;1000000000;1000000000;0.3;0.3;0.3;0.000015;0.000015;0.000015;318
3;5;2;1000000000;1000000000;1000000000;0.3;0.3;0.3;0.000015;0.000015;0.000015;318
3;5;3;1000000000;1000000000;1000000000;0.3;0.3;0.3;0.000015;0.000015;0.000015;318
3;5;4;1000000000;1000000000;1000000000;0.3;0.3;0.3;0.000015;0.000015;0.000015;318
3;5;5;1000000000;1000000000;1000000000;0.3;0.3;0.3;0.000015;0.000015;0.000015;318
3;5;6;1000000000;1000000000;1000000000;0.3;0.3;0.3;0.000015;0.000015;0.000015;318
3;5;7;1000000000;1000000000;1000000000;0.3;0.3;0.3;0.000015;0.000015;0.000015;318
3;5;8;1000000000;1000000000;1000000000;0.3;0.3;0.3;0.000015;0.000015;0.000015;318
3;5;9;1000000000;1000000000;1000000000;0.3;0.3;0.3;0.000015;0.000015;0.000015;318
3;5;10;1000000000;1000000000;1000000000;0.3;0.3;0.3;0.000015;0.000015;0.000015;318
3;5;11;1000000000;1000000000;1000000000;0.3;0.3;0.3;0.000015;0.000015;0.000015;318
3;5;12;1000000000;1000000000;1000000000;0.3;0.3;0.3;0.000015;0.000015;0.000015;318
3;5;13;1000000000;1000000000;1000000000;0.3;0.3;0.3;0.000015;0.000015;0.000015;318
3;5;14;1000000000;1000000000;1000000000;0.3;0.3;0.3;0.000015;0.000015;0.000015;318
3;6;1;1000000000;1000000000;1000000000;0.3;0.3;0.3;0.000015;0.000015;0.000015;494
3;6;2;1000000000;1000000000;1000000000;0.3;0.3;0.3;0.000015;0.000015;0.000015;494
3;6;3;1000000000;1000000000;1000000000;0.3;0.3;0.3;0.000015;0.000015;0.000015;494
3;6;4;1000000000;1000000000;1000000000;0.3;0.3;0.3;0.000015;0.000015;0.000015;494
3;6;5;1000000000;1000000000;1000000000;0.3;0.3;0.3;0.000015;0.000015;0.000015;494
3;6;6;1000000000;1000000000;1000000000;0.3;0.3;0.3;0.000015;0.000015;0.000015;494
3;6;7;1000000000;1000000000;1000000000;0.3;0.3;0.3;0.000015;0.000015;0.000015;494
3;6;8;1000000000;1000000000;1000000000;0.3;0.3;0.3;0.000015;0.000015;0.000015;494
3;6;9;1000000000;1000000000;1000000000;0.3;0.3;0.3;0.000015;0.000015;0.000015;494
3;6;10;1000000000;1000000000;1000000000;0.3;0.3;0.3;0.000015;0.000015;0.000015;494
3;6;11;1000000000;1000000000;1000000000;0.3;0.3;0.3;0.000015;0.000015;0.000015;494
3;6;12;1000000000;1000000000;1000000000;0.3;0.3;0.3;0.000015;0.000015;0.000015;494
3;6;13;1000000000;1000000000;1000000000;0.3;0.3;0.3;0.000015;0.000015;0.000015;494
3;6;14;1000000000;1000000000;1000000000;0.3;0.3;0.3;0.000015;0.000015;0.000015;494
3;7;1;1000000000;1000000000;1000000000;0.3;0.3;0.3;0.000015;0.000015;0.000015;390
3;7;2;1000000000;1000000000;1000000000;0.3;0.3;0.3;0.000015;0.000015;0.000015;390
3;7;3;1000000000;1000000000;1000000000;0.3;0.3;0.3;0.000015;0.000015;0.000015;390
3;7;4;1000000000;1000000000;1000000000;0.3;0.3;0.3;0.000015;0.000015;0.000015;390
3;7;5;1000000000;1000000000;1000000000;0.3;0.3;0.3;0.000015;0.000015;0.000015;390
3;7;6;1000000000;1000000000;1000000000;0.3;0.3;0.3;0.000015;0.000015;0.000015;390
3;7;7;1000000000;1000000000;1000000000;0.3;0.3;0.3;0.000015;0.000015;0.000015;390
3;7;8;1000000000;1000000000;1000000000;0.3;0.3;0.3;0.000015;0.000015;0.000015;390
3;7;9;1000000000;1000000000;1000000000;0.3;0.3;0.3;0.000015;0.000015;0.000015;390
3;7;10;1000000000;1000000000;1000000000;0.3;0.3;0.3;0.000015;0.000015;0.000015;390
3;7;11;1000000000;1000000000;1000000000;0.3;0.3;0.3;0.000015;0.000015;0.000015;390
3;7;12;1000000000;1000000000;1000000000;0.3;0.3;0.3;0.000015;0.000015;0.000015;390
3;7;13;1000000000;1000000000;1000000000;0.3;0.3;0.3;0.000015;0.000015;0.000015;390
3;7;14;1000000000;1000000000;1000000000;0.3;0.3;0.3;0.000015;0.000015;0.000015;390
3;8;1;1000000000;1000000000;1000000000;0.3;0.3;0.3;0.000015;0.000015;0.000015;548
3;8;2;1000000000;1000000000;1000000000;0.3;0.3;0.3;0.000015;0.000015;0.000015;548
3;8;3;1000000000;1000000000;1000000000;0.3;0.3;0.3;0.000015;0.000015;0.000015;548
3;8;4;1000000000;1000000000;1000000000;0.3;0.3;0.3;0.000015;0.000015;0.000015;548
3;8;5;1000000000;1000000000;1000000000;0.3;0.3;0.3;0.000015;0.000015;0.000015;548
3;8;6;1000000000;1000000000;1000000000;0.3;0.3;0.3;0.000015;0.000015;0.000015;548
3;8;7;1000000000;1000000000;1000000000;0.3;0.3;0.3;0.000015;0.000015;0.000015;548
3;8;8;1000000000;1000000000;1000000000;0.3;0.3;0.3;0.000015;0.000015;0.000015;548
3;8;9;1000000000;1000000000;1000000000;0.3;0.3;0.3;0.000015;0.000015;0.000015;548
3;8;10;1000000000;1000000000;1000000000;0.3;0.3;0.3;0.000015;0.000015;0.000015;548
3;8;11;1000000000;1000000000;1000000000;0.3;0.3;0.3;0.000015;0.000015;0.000015;548
3;8;12;1000000000;1000000000;1000000000;0.3;0.3;0.3;0.000015;0.000015;0.000015;548
3;8;13;1000000000;1000000000;1000000000;0.3;0.3;0.3;0.000015;0.000015;0.000015;548
3;8;14;1000000000;1000000000;1000000000;0.3;0.3;0.3;0.000015;0.000015;0.000015;548
3;9;1;1000000000;1000000000;1000000000;0.3;0.3;0.3;0.000015;0.000015;0.000015;671
3;9;2;1000000000;1000000000;1000000000;0.3;0.3;0.3;0.000015;0.000015;0.000015;671
3;9;3;1000000000;1000000000;1000000000;0.3;0.3;0.3;0.000015;0.000015;0.000015;671
3;9;4;1000000000;1000000000;1000000000;0.3;0.3;0.3;0.000015;0.000015;0.000015;671
3;9;5;1000000000;1000000000;1000000000;0.3;0.3;0.3;0.000015;0.000015;0.000015;671
3;9;6;1000000000;1000000000;1000000000;0.3;0.3;0.3;0.000015;0.000015;0.000015;671
3;9;7;1000000000;1000000000;1000000000;0.3;0.3;0.3;0.000015;0.000015;0.000015;671
3;9;8;1000000000;1000000000;1000000000;0.3;0.3;0.3;0.000015;0.000015;0.000015;671
3;9;9;1000000000;1000000000;1000000000;0.3;0.3;0.3;0.000015;0.000015;0.000015;671
3;9;10;1000000000;1000000000;1000000000;0.3;0.3;0.3;0.000015;0.000015;0.000015;671
3;9;11;1000000000;1000000000;1000000000;0.3;0.3;0.3;0.000015;0.000015;0.000015;671
3;9;12;1000000000;1000000000;1000000000;0.3;0.3;0.3;0.000015;0.000015;0.000015;671
3;9;13;1000000000;1000000000;1000000000;0.3;0.3;0.3;0.000015;0.000015;0.000015;671
3;9;14;1000000000;1000000000;1000000000;0.3;0.3;0.3;0.000015;0.000015;0.000015;671
3;10;1;1000000000;1000000000;1000000000;0.3;0.3;0.3;0.000015;0.000015;0.000015;519
3;10;2;1000000000;1000000000;1000000000;0.3;0.3;0.3;0.000015;0.000015;0.000015;519
3;10;3;1000000000;1000000000;1000000000;0.3;0.3;0.3;0.000015;0.000015;0.000015;519
3;10;4;1000000000;1000000000;1000000000;0.3;0.3;0.3;0.000015;0.000015;0.000015;519
3;10;5;1000000000;1000000000;1000000000;0.3;0.3;0.3;0.000015;0.000015;0.000015;519
3;10;6;1000000000;1000000000;1000000000;0.3;0.3;0.3;0.000015;0.000015;0.000015;519
3;10;7;1000000000;1000000000;1000000000;0.3;0.3;0.3;0.000015;0.000015;0.000015;519
3;10;8;1000000000;1000000000;1000000000;0.3;0.3;0.3;0.000015;0.000015;0.000015;519
3;10;9;1000000000;1000000000;1000000000;0.3;0.3;0.3;0.000015;0.000015;0.000015;519
3;10;10;1000000000;1000000000;1000000000;0.3;0.3;0.3;0.000015;0.000015;0.000015;519
3;10;11;1000000000;1000000000;1000000000;0.3;0.3;0.3;0.000015;0.000015;0.000015;519
3;10;12;1000000000;1000000000;1000000000;0.3;0.3;0.3;0.000015;0.000015;0.000015;519
3;10;13;1000000000;1000000000;1000000000;0.3;0.3;0.3;0.000015;0.000015;0.000015;519
3;10;14;1000000000;1000000000;1000000000;0.3;0.3;0.3;0.000015;0.000015;0.000015;519
4;1;1;1000000000;1000000000;1000000000;0.3;0.3;0.3;0.000015;0.000015;0.000015;478
4;1;2;1000000000;1000000000;1000000000;0.3;0.3;0.3;0.000015;0.000015;0.000015;478
4;1;3;1000000000;1000000000;1000000000;0.3;0.3;0.3;0.000015;0.000015;0.000015;478
4;1;4;1000000000;1000000000;1000000000;0.3;0.3;0.3;0.000015;0.000015;0.000015;478
4;1;5;1000000000;1000000000;1000000000;0.3;0.3;0.3;0.000015;0.000015;0.000015;478
4;1;6;1000000000;1000000000;1000000000;0.3;0.3;0.3;0.000015;0.000015;0.000015;478
4;1;7;1000000000;1000000000;1000000000;0.3;0.3;0.3;0.000015;0.000015;0.000015;478
4;1;8;1000000000;1000000000;1000000000;0.3;0.3;0.3;0.000015;0.000015;0.000015;478
4;1;9;1000000000;1000000000;1000000000;0.3;0.3;0.3;0.000015;0.000015;0.000015;478
4;1;10;1000000000;1000000000;1000000000;0.3;0.3;0.3;0.000015;0.000015;0.000015;478
4;1;11;1000000000;1000000000;1000000000;0.3;0.3;0.3;0.000015;0.000015;0.000015;478
4;1;12;1000000000;1000000000;1000000000;0.3;0.3;0.3;0.000015;0.000015;0.000015;478
4;1;13;1000000000;1000000000;1000000000;0.3;0.3;0.3;0.000015;0.000015;0.000015;478
4;1;14;1000000000;1000000000;1000000000;0.3;0.3;0.3;0.000015;0.000015;0.000015;478
4;2;1;1000000000;1000000000;1000000000;0.3;0.3;0.3;0.000015;0.000015;0.000015;381
4;2;2;1000000000;1000000000;1000000000;0.3;0.3;0.3;0.000015;0.000015;0.000015;381
4;2;3;1000000000;1000000000;1000000000;0.3;0.3;0.3;0.000015;0.000015;0.000015;381
4;2;4;1000000000;1000000000;1000000000;0.3;0.3;0.3;0.000015;0.000015;0.000015;381
4;2;5;1000000000;1000000000;1000000000;0.3;0.3;0.3;0.000015;0.000015;0.000015;381
4;2;6;1000000000;1000000000;1000000000;0.3;0.3;0.3;0.000015;0.000015;0.000015;381
4;2;7;1000000000;1000000000;1000000000;0.3;0.3;0.3;0.000015;0.000015;0.000015;381
4;2;8;1000000000;1000000000;1000000000;0.3;0.3;0.3;0.000015;0.000015;0.000015;381
4;2;9;1000000000;1000000000;1000000000;0.3;0.3;0.3;0.000015;0.000015;0.000015;381
4;2;10;1000000000;1000000000;1000000000;0.3;0.3;0.3;0.000015;0.000015;0.000015;381
4;2;11;1000000000;1000000000;1000000000;0.3;0.3;0.3;0.000015;0.000015;0.000015;381
4;2;12;1000000000;1000000000;1000000000;0.3;0.3;0.3;0.000015;0.000015;0.000015;381
4;2;13;1000000000;1000000000;1000000000;0.3;0.3;0.3;0.000015;0.000015;0.000015;381
4;2;14;1000000000;1000000000;1000000000;0.3;0.3;0.3;0.000015;0.000015;0.000015;381
4;3;1;1000000000;1000000000;1000000000;0.3;0.3;0.3;0.000015;0.000015;0.000015;711
4;3;2;1000000000;1000000000;1000000000;0.3;0.3;0.3;0.000015;0.000015;0.000015;711
4;3;3;1000000000;1000000000;1000000000;0.3;0.3;0.3;0.000015;0.000015;0.000015;711
4;3;4;1000000000;1000000000;1000000000;0.3;0.3;0.3;0.000015;0.000015;0.000015;711
4;3;5;1000000000;1000000000;1000000000;0.3;0.3;0.3;0.000015;0.000015;0.000015;711
4;3;6;1000000000;1000000000;1000000000;0.3;0.3;0.3;0.000015;0.000015;0.000015;711
4;3;7;1000000000;1000000000;1000000000;0.3;0.3;0.3;0.000015;0.000015;0.000015;711
4;3;8;1000000000;1000000000;1000000000;0.3;0.3;0.3;0.000015;0.000015;0.000015;711
4;3;9;1000000000;1000000000;1000000000;0.3;0.3;0.3;0.000015;0.000015;0.000015;711
4;3;10;1000000000;1000000000;1000000000;0.3;0.3;0.3;0.000015;0.000015;0.000015;711
4;3;11;1000000000;1000000000;1000000000;0.3;0.3;0.3;0.000015;0.000015;0.000015;711
4;3;12;1000000000;1000000000;1000000000;0.3;0.3;0.3;0.000015;0.000015;0.000015;711
4;3;13;1000000000;1000000000;1000000000;0.3;0.3;0.3;0.000015;0.000015;0.000015;711
4;3;14;1000000000;1000000000;1000000000;0.3;0.3;0.3;0.000015;0.000015;0.000015;711
4;4;1;1000000000;1000000000;1000000000;0.3;0.3;0.3;0.000015;0.000015;0.000015;542
4;4;2;1000000000;1000000000;1000000000;0.3;0.3;0.3;0.000015;0.000015;0.000015;542
4;4;3;1000000000;1000000000;1000000000;0.3;0.3;0.3;0.000015;0.000015;0.000015;542
4;4;4;1000000000;1000000000;1000000000;0.3;0.3;0.3;0.000015;0.000015;0.000015;542
4;4;5;1000000000;1000000000;1000000000;0.3;0.3;0.3;0.000015;0.000015;0.000015;542
4;4;6;1000000000;1000000000;1000000000;0.3;0.3;0.3;0.000015;0.000015;0.000015;542
4;4;7;1000000000;1000000000;1000000000;0.3;0.3;0.3;0.000015;0.000015;0.000015;542
4;4;8;1000000000;1000000000;1000000000;0.3;0.3;0.3;0.000015;0.000015;0.000015;542
4;4;9;1000000000;1000000000;1000000000;0.3;0.3;0.3;0.000015;0.000015;0.000015;542
4;4;10;1000000000;1000000000;1000000000;0.3;0.3;0.3;0.000015;0.000015;0.000015;542
4;4;11;1000000000;1000000000;1000000000;0.3;0.3;0.3;0.000015;0.000015;0.000015;542
4;4;12;1000000000;1000000000;1000000000;0.3;0.3;0.3;0.000015;0.000015;0.000015;542
4;4;13;1000000000;1000000000;1000000000;0.3;0.3;0.3;0.000015;0.000015;0.000015;542
4;4;14;1000000000;1000000000;1000000000;0.3;0.3;0.3;0.000015;0.000015;0.000015;542
4;5;1;1000000000;1000000000;1000000000;0.3;0.3;0.3;0.000015;0.000015;0.000015;321
4;5;2;1000000000;1000000000;1000000000;0.3;0.3;0.3;0.000015;0.000015;0.000015;321
4;5;3;1000000000;1000000000;1000000000;0.3;0.3;0.3;0.000015;0.000015;0.000015;321
4;5;4;1000000000;1000000000;1000000000;0.3;0.3;0.3;0.000015;0.000015;0.000015;321
4;5;5;1000000000;1000000000;1000000000;0.3;0.3;0.3;0.000015;0.000015;0.000015;321
4;5;6;1000000000;1000000000;1000000000;0.3;0.3;0.3;0.000015;0.000015;0.000015;321
4;5;7;1000000000;1000000000;1000000000;0.3;0.3;0.3;0.000015;0.000015;0.000015;321
4;5;8;1000000000;1000000000;1000000000;0.3;0.3;0.3;0.000015;0.000015;0.000015;321
4;5;9;1000000000;1000000000;1000000000;0.3;0.3;0.3;0.000015;0.000015;0.000015;321
4;5;10;1000000000;1000000000;1000000000;0.3;0.3;0.3;0.000015;0.000015;0.000015;321
4;5;11;1000000000;1000000000;1000000000;0.3;0.3;0.3;0.000015;0.000015;0.000015;321
4;5;12;1000000000;1000000000;1000000000;0.3;0.3;0.3;0.000015;0.000015;0.000015;321
4;5;13;1000000000;1000000000;1000000000;0.3;0.3;0.3;0.000015;0.000015;0.000015;321
4;5;14;1000000000;1000000000;1000000000;0.3;0.3;0.3;0.000015;0.000015;0.000015;321
4;6;1;1000000000;1000000000;1000000000;0.3;0.3;0.3;0.000015;0.000015;0.000015;469
4;6;2;1000000000;1000000000;1000000000;0.3;0.3;0.3;0.000015;0.000015;0.000015;469
4;6;3;1000000000;1000000000;1000000000;0.3;0.3;0.3;0.000015;0.000015;0.000015;469
4;6;4;1000000000;1000000000;1000000000;0.3;0.3;0.3;0.000015;0.000015;0.000015;469
4;6;5;1000000000;1000000000;1000000000;0.3;0.3;0.3;0.000015;0.000015;0.000015;469
4;6;6;1000000000;1000000000;1000000000;0.3;0.3;0.3;0.000015;0.000015;0.000015;469
4;6;7;1000000000;1000000000;1000000000;0.3;0.3;0.3;0.000015;0.000015;0.000015;469
4;6;8;1000000000;1000000000;1000000000;0.3;0.3;0.3;0.000015;0.000015;0.000015;469
4;6;9;1000000000;1000000000;1000000000;0.3;0.3;0.3;0.000015;0.000015;0.000015;469
4;6;10;1000000000;1000000000;1000000000;0.3;0.3;0.3;0.000015;0.000015;0.000015;469
4;6;11;1000000000;1000000000;1000000000;0.3;0.3;0.3;0.000015;0.000015;0.000015;469
4;6;12;1000000000;1000000000;1000000000;0.3;0.3;0.3;0.000015;0.000015;0.000015;469
4;6;13;1000000000;1000000000;1000000000;0.3;0.3;0.3;0.000015;0.000015;0.000015;469
4;6;14;1000000000;1000000000;1000000000;0.3;0.3;0.3;0.000015;0.000015;0.000015;469
4;7;1;1000000000;1000000000;1000000000;0.3;0.3;0.3;0.000015;0.000015;0.000015;330
4;7;2;1000000000;1000000000;1000000000;0.3;0.3;0.3;0.000015;0.000015;0.000015;330
4;7;3;1000000000;1000000000;1000000000;0.3;0.3;0.3;0.000015;0.000015;0.000015;330
4;7;4;1000000000;1000000000;1000000000;0.3;0.3;0.3;0.000015;0.000015;0.000015;330
4;7;5;1000000000;1000000000;1000000000;0.3;0.3;0.3;0.000015;0.000015;0.000015;330
4;7;6;1000000000;1000000000;1000000000;0.3;0.3;0.3;0.000015;0.000015;0.000015;330
4;7;7;1000000000;1000000000;1000000000;0.3;0.3;0.3;0.000015;0.000015;0.000015;330
4;7;8;1000000000;1000000000;1000000000;0.3;0.3;0.3;0.000015;0.000015;0.000015;330
4;7;9;1000000000;1000000000;1000000000;0.3;0.3;0.3;0.000015;0.000015;0.000015;330
4;7;10;1000000000;1000000000;1000000000;0.3;0.3;0.3;0.000015;0.000015;0.000015;330
4;7;11;1000000000;1000000000;1000000000;0.3;0.3;0.3;0.000015;0.000015;0.000015;330
4;7;12;1000000000;1000000000;1000000000;0.3;0.3;0.3;0.000015;0.000015;0.000015;330
4;7;13;1000000000;1000000000;1000000000;0.3;0.3;0.3;0.000015;0.000015;0.000015;330
4;7;14;1000000000;1000000000;1000000000;0.3;0.3;0.3;0.000015;0.000015;0.000015;330
4;8;1;1000000000;1000000000;1000000000;0.3;0.3;0.3;0.000015;0.000015;0.000015;193
4;8;2;1000000000;1000000000;1000000000;0.3;0.3;0.3;0.000015;0.000015;0.000015;193
4;8;3;1000000000;1000000000;1000000000;0.3;0.3;0.3;0.000015;0.000015;0.000015;193
4;8;4;1000000000;1000000000;1000000000;0.3;0.3;0.3;0.000015;0.000015;0.000015;193
4;8;5;1000000000;1000000000;1000000000;0.3;0.3;0.3;0.000015;0.000015;0.000015;193
4;8;6;1000000000;1000000000;1000000000;0.3;0.3;0.3;0.000015;0.000015;0.000015;193
4;8;7;1000000000;1000000000;1000000000;0.3;0.3;0.3;0.000015;0.000015;0.000015;193
4;8;8;1000000000;1000000000;1000000000;0.3;0.3;0.3;0.000015;0.000015;0.000015;193
4;8;9;1000000000;1000000000;1000000000;0.3;0.3;0.3;0.000015;0.000015;0.000015;193
4;8;10;1000000000;1000000000;1000000000;0.3;0.3;0.3;0.000015;0.000015;0.000015;193
4;8;11;1000000000;1000000000;1000000000;0.3;0.3;0.3;0.000015;0.000015;0.000015;193
4;8;12;1000000000;1000000000;1000000000;0.3;0.3;0.3;0.000015;0.000015;0.000015;193
4;8;13;1000000000;1000000000;1000000000;0.3;0.3;0.3;0.000015;0.000015;0.000015;193
4;8;14;1000000000;1000000000;1000000000;0.3;0.3;0.3;0.000015;0.000015;0.000015;193
4;9;1;1000000000;1000000000;1000000000;0.3;0.3;0.3;0.000015;0.000015;0.000015;522
4;9;2;1000000000;1000000000;1000000000;0.3;0.3;0.3;0.000015;0.000015;0.000015;522
4;9;3;1000000000;1000000000;1000000000;0.3;0.3;0.3;0.000015;0.000015;0.000015;522
4;9;4;1000000000;1000000000;1000000000;0.3;0.3;0.3;0.000015;0.000015;0.000015;522
4;9;5;1000000000;1000000000;1000000000;0.3;0.3;0.3;0.000015;0.000015;0.000015;522
4;9;6;1000000000;1000000000;1000000000;0.3;0.3;0.3;0.000015;0.000015;0.000015;522
4;9;7;1000000000;1000000000;1000000000;0.3;0.3;0.3;0.000015;0.000015;0.000015;522
4;9;8;1000000000;1000000000;1000000000;0.3;0.3;0.3;0.000015;0.000015;0.000015;522
4;9;9;1000000000;1000000000;1000000000;0.3;0.3;0.3;0.000015;0.000015;0.000015;522
4;9;10;1000000000;1000000000;1000000000;0.3;0.3;0.3;0.000015;0.000015;0.000015;522
4;9;11;1000000000;1000000000;1000000000;0.3;0.3;0.3;0.000015;0.000015;0.000015;522
4;9;12;1000000000;1000000000;1000000000;0.3;0.3;0.3;0.000015;0.000015;0.000015;522
4;9;13;1000000000;1000000000;1000000000;0.3;0.3;0.3;0.000015;0.000015;0.000015;522
4;9;14;1000000000;1000000000;1000000000;0.3;0.3;0.3;0.000015;0.000015;0.000015;522
4;10;1;1000000000;1000000000;1000000000;0.3;0.3;0.3;0.000015;0.000015;0.000015;401
4;10;2;1000000000;1000000000;1000000000;0.3;0.3;0.3;0.000015;0.000015;0.000015;401
4;10;3;1000000000;1000000000;1000000000;0.3;0.3;0.3;0.000015;0.000015;0.000015;401
4;10;4;1000000000;1000000000;1000000000;0.3;0.3;0.3;0.000015;0.000015;0.000015;401
4;10;5;1000000000;1000000000;1000000000;0.3;0.3;0.3;0.000015;0.000015;0.000015;401
4;10;6;1000000000;1000000000;1000000000;0.3;0.3;0.3;0.000015;0.000015;0.000015;401
4;10;7;1000000000;1000000000;1000000000;0.3;0.3;0.3;0.000015;0.000015;0.000015;401
4;10;8;1000000000;1000000000;1000000000;0.3;0.3;0.3;0.000015;0.000015;0.000015;401
4;10;9;1000000000;1000000000;1000000000;0.3;0.3;0.3;0.000015;0.000015;0.000015;401
4;10;10;1000000000;1000000000;1000000000;0.3;0.3;0.3;0.000015;0.000015;0.000015;401
4;10;11;1000000000;1000000000;1000000000;0.3;0.3;0.3;0.000015;0.000015;0.000015;401
4;10;12;1000000000;1000000000;1000000000;0.3;0.3;0.3;0.000015;0.000015;0.000015;401
4;10;13;1000000000;1000000000;1000000000;0.3;0.3;0.3;0.000015;0.000015;0.000015;401
4;10;14;1000000000;1000000000;1000000000;0.3;0.3;0.3;0.000015;0.000015;0.000015;401
5;1;1;1000000000;1000000000;1000000000;0.3;0.3;0.3;0.000015;0.000015;0.000015;518
5;1;2;1000000000;1000000000;1000000000;0.3;0.3;0.3;0.000015;0.000015;0.000015;518
5;1;3;1000000000;1000000000;1000000000;0.3;0.3;0.3;0.000015;0.000015;0.000015;518
5;1;4;1000000000;1000000000;1000000000;0.3;0.3;0.3;0.000015;0.000015;0.000015;518
5;1;5;1000000000;1000000000;1000000000;0.3;0.3;0.3;0.000015;0.000015;0.000015;518
5;1;6;1000000000;1000000000;1000000000;0.3;0.3;0.3;0.000015;0.000015;0.000015;518
5;1;7;1000000000;1000000000;1000000000;0.3;0.3;0.3;0.000015;0.000015;0.000015;518
5;1;8;1000000000;1000000000;1000000000;0.3;0.3;0.3;0.000015;0.000015;0.000015;518
5;1;9;1000000000;1000000000;1000000000;0.3;0.3;0.3;0.000015;0.000015;0.000015;518
5;1;10;1000000000;1000000000;1000000000;0.3;0.3;0.3;0.000015;0.000015;0.000015;518
5;1;11;1000000000;1000000000;1000000000;0.3;0.3;0.3;0.000015;0.000015;0.000015;518
5;1;12;1000000000;1000000000;1000000000;0.3;0.3;0.3;0.000015;0.000015;0.000015;518
5;1;13;1000000000;1000000000;1000000000;0.3;0.3;0.3;0.000015;0.000015;0.000015;518
5;1;14;1000000000;1000000000;1000000000;0.3;0.3;0.3;0.000015;0.000015;0.000015;518
5;2;1;1000000000;1000000000;1000000000;0.3;0.3;0.3;0.000015;0.000015;0.000015;196
5;2;2;1000000000;1000000000;1000000000;0.3;0.3;0.3;0.000015;0.000015;0.000015;196
5;2;3;1000000000;1000000000;1000000000;0.3;0.3;0.3;0.000015;0.000015;0.000015;196
5;2;4;1000000000;1000000000;1000000000;0.3;0.3;0.3;0.000015;0.000015;0.000015;196
5;2;5;1000000000;1000000000;1000000000;0.3;0.3;0.3;0.000015;0.000015;0.000015;196
5;2;6;1000000000;1000000000;1000000000;0.3;0.3;0.3;0.000015;0.000015;0.000015;196
5;2;7;1000000000;1000000000;1000000000;0.3;0.3;0.3;0.000015;0.000015;0.000015;196
5;2;8;1000000000;1000000000;1000000000;0.3;0.3;0.3;0.000015;0.000015;0.000015;196
5;2;9;1000000000;1000000000;1000000000;0.3;0.3;0.3;0.000015;0.000015;0.000015;196
5;2;10;1000000000;1000000000;1000000000;0.3;0.3;0.3;0.000015;0.000015;0.000015;196
5;2;11;1000000000;1000000000;1000000000;0.3;0.3;0.3;0.000015;0.000015;0.000015;196
5;2;12;1000000000;1000000000;1000000000;0.3;0.3;0.3;0.000015;0.000015;0.000015;196
5;2;13;1000000000;1000000000;1000000000;0.3;0.3;0.3;0.000015;0.000015;0.000015;196
5;2;14;1000000000;1000000000;1000000000;0.3;0.3;0.3;0.000015;0.000015;0.000015;196
5;3;1;1000000000;1000000000;1000000000;0.3;0.3;0.3;0.000015;0.000015;0.000015;229
5;3;2;1000000000;1000000000;1000000000;0.3;0.3;0.3;0.000015;0.000015;0.000015;229
5;3;3;1000000000;1000000000;1000000000;0.3;0.3;0.3;0.000015;0.000015;0.000015;229
5;3;4;1000000000;1000000000;1000000000;0.3;0.3;0.3;0.000015;0.000015;0.000015;229
5;3;5;1000000000;1000000000;1000000000;0.3;0.3;0.3;0.000015;0.000015;0.000015;229
5;3;6;1000000000;1000000000;1000000000;0.3;0.3;0.3;0.000015;0.000015;0.000015;229
5;3;7;1000000000;1000000000;1000000000;0.3;0.3;0.3;0.000015;0.000015;0.000015;229
5;3;8;1000000000;1000000000;1000000000;0.3;0.3;0.3;0.000015;0.000015;0.000015;229
5;3;9;1000000000;1000000000;1000000000;0.3;0.3;0.3;0.000015;0.000015;0.000015;229
5;3;10;1000000000;1000000000;1000000000;0.3;0.3;0.3;0.000015;0.000015;0.000015;229
5;3;11;1000000000;1000000000;1000000000;0.3;0.3;0.3;0.000015;0.000015;0.000015;229
5;3;12;1000000000;1000000000;1000000000;0.3;0.3;0.3;0.000015;0.000015;0.000015;229
5;3;13;1000000000;1000000000;1000000000;0.3;0.3;0.3;0.000015;0.000015;0.000015;229
5;3;14;1000000000;1000000000;1000000000;0.3;0.3;0.3;0.000015;0.000015;0.000015;229
5;4;1;1000000000;1000000000;1000000000;0.3;0.3;0.3;0.000015;0.000015;0.000015;122
5;4;2;1000000000;1000000000;1000000000;0.3;0.3;0.3;0.000015;0.000015;0.000015;122
5;4;3;1000000000;1000000000;1000000000;0.3;0.3;0.3;0.000015;0.000015;0.000015;122
5;4;4;1000000000;1000000000;1000000000;0.3;0.3;0.3;0.000015;0.000015;0.000015;122
5;4;5;1000000000;1000000000;1000000000;0.3;0.3;0.3;0.000015;0.000015;0.000015;122
5;4;6;1000000000;1000000000;1000000000;0.3;0.3;0.3;0.000015;0.000015;0.000015;122
5;4;7;1000000000;1000000000;1000000000;0.3;0.3;0.3;0.000015;0.000015;0.000015;122
5;4;8;1000000000;1000000000;1000000000;0.3;0.3;0.3;0.000015;0.000015;0.000015;122
5;4;9;1000000000;1000000000;1000000000;0.3;0.3;0.3;0.000015;0.000015;0.000015;122
5;4;10;1000000000;1000000000;1000000000;0.3;0.3;0.3;0.000015;0.000015;0.000015;122
5;4;11;1000000000;1000000000;1000000000;0.3;0.3;0.3;0.000015;0.000015;0.000015;122
5;4;12;1000000000;1000000000;1000000000;0.3;0.3;0.3;0.000015;0.000015;0.000015;122
5;4;13;1000000000;1000000000;1000000000;0.3;0.3;0.3;0.000015;0.000015;0.000015;122
5;4;14;1000000000;1000000000;1000000000;0.3;0.3;0.3;0.000015;0.000015;0.000015;122
5;5;1;1000000000;1000000000;1000000000;0.3;0.3;0.3;0.000015;0.000015;0.000015;204
5;5;2;1000000000;1000000000;1000000000;0.3;0.3;0.3;0.000015;0.000015;0.000015;204
5;5;3;1000000000;1000000000;1000000000;0.3;0.3;0.3;0.000015;0.000015;0.000015;204
5;5;4;1000000000;1000000000;1000000000;0.3;0.3;0.3;0.000015;0.000015;0.000015;204
5;5;5;1000000000;1000000000;1000000000;0.3;0.3;0.3;0.000015;0.000015;0.000015;204
5;5;6;1000000000;1000000000;1000000000;0.3;0.3;0.3;0.000015;0.000015;0.000015;204
5;5;7;1000000000;1000000000;1000000000;0.3;0.3;0.3;0.000015;0.000015;0.000015;204
5;5;8;1000000000;1000000000;1000000000;0.3;0.3;0.3;0.000015;0.000015;0.000015;204
5;5;9;1000000000;1000000000;1000000000;0.3;0.3;0.3;0.000015;0.000015;0.000015;204
5;5;10;1000000000;1000000000;1000000000;0.3;0.3;0.3;0.000015;0.000015;0.000015;204
5;5;11;1000000000;1000000000;1000000000;0.3;0.3;0.3;0.000015;0.000015;0.000015;204
5;5;12;1000000000;1000000000;1000000000;0.3;0.3;0.3;0.000015;0.000015;0.000015;204
5;5;13;1000000000;1000000000;1000000000;0.3;0.3;0.3;0.000015;0.000015;0.000015;204
5;5;14;1000000000;1000000000;1000000000;0.3;0.3;0.3;0.000015;0.000015;0.000015;204
5;6;1;1000000000;1000000000;1000000000;0.3;0.3;0.3;0.000015;0.000015;0.000015;156
5;6;2;1000000000;1000000000;1000000000;0.3;0.3;0.3;0.000015;0.000015;0.000015;156
5;6;3;1000000000;1000000000;1000000000;0.3;0.3;0.3;0.000015;0.000015;0.000015;156
5;6;4;1000000000;1000000000;1000000000;0.3;0.3;0.3;0.000015;0.000015;0.000015;156
5;6;5;1000000000;1000000000;1000000000;0.3;0.3;0.3;0.000015;0.000015;0.000015;156
5;6;6;1000000000;1000000000;1000000000;0.3;0.3;0.3;0.000015;0.000015;0.000015;156
5;6;7;1000000000;1000000000;1000000000;0.3;0.3;0.3;0.000015;0.000015;0.000015;156
5;6;8;1000000000;1000000000;1000000000;0.3;0.3;0.3;0.000015;0.000015;0.000015;156
5;6;9;1000000000;1000000000;1000000000;0.3;0.3;0.3;0.000015;0.000015;0.000015;156
5;6;10;1000000000;1000000000;1000000000;0.3;0.3;0.3;0.000015;0.000015;0.000015;156
5;6;11;1000000000;1000000000;1000000000;0.3;0.3;0.3;0.000015;0.000015;0.000015;156
5;6;12;1000000000;1000000000;1000000000;0.3;0.3;0.3;0.000015;0.000015;0.000015;156
5;6;13;1000000000;1000000000;1000000000;0.3;0.3;0.3;0.000015;0.000015;0.000015;156
5;6;14;1000000000;1000000000;1000000000;0.3;0.3;0.3;0.000015;0.000015;0.000015;156
5;7;1;1000000000;1000000000;1000000000;0.3;0.3;0.3;0.000015;0.000015;0.000015;295
5;7;2;1000000000;1000000000;1000000000;0.3;0.3;0.3;0.000015;0.000015;0.000015;295
5;7;3;1000000000;1000000000;1000000000;0.3;0.3;0.3;0.000015;0.000015;0.000015;295
5;7;4;1000000000;1000000000;1000000000;0.3;0.3;0.3;0.000015;0.000015;0.000015;295
5;7;5;1000000000;1000000000;1000000000;0.3;0.3;0.3;0.000015;0.000015;0.000015;295
5;7;6;1000000000;1000000000;1000000000;0.3;0.3;0.3;0.000015;0.000015;0.000015;295
5;7;7;1000000000;1000000000;1000000000;0.3;0.3;0.3;0.000015;0.000015;0.000015;295
5;7;8;1000000000;1000000000;1000000000;0.3;0.3;0.3;0.000015;0.000015;0.000015;295
5;7;9;1000000000;1000000000;1000000000;0.3;0.3;0.3;0.000015;0.000015;0.000015;295
5;7;10;1000000000;1000000000;1000000000;0.3;0.3;0.3;0.000015;0.000015;0.000015;295
5;7;11;1000000000;1000000000;1000000000;0.3;0.3;0.3;0.000015;0.000015;0.000015;295
5;7;12;1000000000;1000000000;1000000000;0.3;0.3;0.3;0.000015;0.000015;0.000015;295
5;7;13;1000000000;1000000000;1000000000;0.3;0.3;0.3;0.000015;0.000015;0.000015;295
5;7;14;1000000000;1000000000;1000000000;0.3;0.3;0.3;0.000015;0.000015;0.000015;295
5;8;1;1000000000;1000000000;1000000000;0.3;0.3;0.3;0.000015;0.000015;0.000015;300
5;8;2;1000000000;1000000000;1000000000;0.3;0.3;0.3;0.000015;0.000015;0.000015;300
5;8;3;1000000000;1000000000;1000000000;0.3;0.3;0.3;0.000015;0.000015;0.000015;300
5;8;4;1000000000;1000000000;1000000000;0.3;0.3;0.3;0.000015;0.000015;0.000015;300
5;8;5;1000000000;1000000000;1000000000;0.3;0.3;0.3;0.000015;0.000015;0.000015;300
5;8;6;1000000000;1000000000;1000000000;0.3;0.3;0.3;0.000015;0.000015;0.000015;300
5;8;7;1000000000;1000000000;1000000000;0.3;0.3;0.3;0.000015;0.000015;0.000015;300
5;8;8;1000000000;1000000000;1000000000;0.3;0.3;0.3;0.000015;0.000015;0.000015;300
5;8;9;1000000000;1000000000;1000000000;0.3;0.3;0.3;0.000015;0.000015;0.000015;300
5;8;10;1000000000;1000000000;1000000000;0.3;0.3;0.3;0.000015;0.000015;0.000015;300
5;8;11;1000000000;1000000000;1000000000;0.3;0.3;0.3;0.000015;0.000015;0.000015;300
5;8;12;1000000000;1000000000;1000000000;0.3;0.3;0.3;0.000015;0.000015;0.000015;300
5;8;13;1000000000;1000000000;1000000000;0.3;0.3;0.3;0.000015;0.000015;0.000015;300
5;8;14;1000000000;1000000000;1000000000;0.3;0.3;0.3;0.000015;0.000015;0.000015;300
5;9;1;1000000000;1000000000;1000000000;0.3;0.3;0.3;0.000015;0.000015;0.000015;423
5;9;2;1000000000;1000000000;1000000000;0.3;0.3;0.3;0.000015;0.000015;0.000015;423
5;9;3;1000000000;1000000000;1000000000;0.3;0.3;0.3;0.000015;0.000015;0.000015;423
5;9;4;1000000000;1000000000;1000000000;0.3;0.3;0.3;0.000015;0.000015;0.000015;423
5;9;5;1000000000;1000000000;1000000000;0.3;0.3;0.3;0.000015;0.000015;0.000015;423
5;9;6;1000000000;1000000000;1000000000;0.3;0.3;0.3;0.000015;0.000015;0.000015;423
5;9;7;1000000000;1000000000;1000000000;0.3;0.3;0.3;0.000015;0.000015;0.000015;423
5;9;8;1000000000;1000000000;1000000000;0.3;0.3;0.3;0.000015;0.000015;0.000015;423
5;9;9;1000000000;1000000000;1000000000;0.3;0.3;0.3;0.000015;0.000015;0.000015;423
5;9;10;1000000000;1000000000;1000000000;0.3;0.3;0.3;0.000015;0.000015;0.000015;423
5;9;11;1000000000;1000000000;1000000000;0.3;0.3;0.3;0.000015;0.000015;0.000015;423
5;9;12;1000000000;1000000000;1000000000;0.3;0.3;0.3;0.000015;0.000015;0.000015;423
5;9;13;1000000000;1000000000;1000000000;0.3;0.3;0.3;0.000015;0.000015;0.000015;423
5;9;14;1000000000;1000000000;1000000000;0.3;0.3;0.3;0.000015;0.000015;0.000015;423
5;10;1;1000000000;1000000000;1000000000;0.3;0.3;0.3;0.000015;0.000015;0.000015;302
5;10;2;1000000000;1000000000;1000000000;0.3;0.3;0.3;0.000015;0.000015;0.000015;302
5;10;3;1000000000;1000000000;1000000000;0.3;0.3;0.3;0.000015;0.000015;0.000015;302
5;10;4;1000000000;1000000000;1000000000;0.3;0.3;0.3;0.000015;0.000015;0.000015;302
5;10;5;1000000000;1000000000;1000000000;0.3;0.3;0.3;0.000015;0.000015;0.000015;302
5;10;6;1000000000;1000000000;1000000000;0.3;0.3;0.3;0.000015;0.000015;0.000015;302
5;10;7;1000000000;1000000000;1000000000;0.3;0.3;0.3;0.000015;0.000015;0.000015;302
5;10;8;1000000000;1000000000;1000000000;0.3;0.3;0.3;0.000015;0.000015;0.000015;302
5;10;9;1000000000;1000000000;1000000000;0.3;0.3;0.3;0.000015;0.000015;0.000015;302
5;10;10;1000000000;1000000000;1000000000;0.3;0.3;0.3;0.000015;0.000015;0.000015;302
5;10;11;1000000000;1000000000;1000000000;0.3;0.3;0.3;0.000015;0.000015;0.000015;302
5;10;12;1000000000;1000000000;1000000000;0.3;0.3;0.3;0.000015;0.000015;0.000015;302
5;10;13;1000000000;1000000000;1000000000;0.3;0.3;0.3;0.000015;0.000015;0.000015;302
5;10;14;1000000000;1000000000;1000000000;0.3;0.3;0.3;0.000015;0.000015;0.000015;302
6;1;1;1000000000;1000000000;1000000000;0.3;0.3;0.3;0.000015;0.000015;0.000015;282
6;1;2;1000000000;1000000000;1000000000;0.3;0.3;0.3;0.000015;0.000015;0.000015;282
6;1;3;1000000000;1000000000;1000000000;0.3;0.3;0.3;0.000015;0.000015;0.000015;282
6;1;4;1000000000;1000000000;1000000000;0.3;0.3;0.3;0.000015;0.000015;0.000015;282
6;1;5;1000000000;1000000000;1000000000;0.3;0.3;0.3;0.000015;0.000015;0.000015;282
6;1;6;1000000000;1000000000;1000000000;0.3;0.3;0.3;0.000015;0.000015;0.000015;282
6;1;7;1000000000;1000000000;1000000000;0.3;0.3;0.3;0.000015;0.000015;0.000015;282
6;1;8;1000000000;1000000000;1000000000;0.3;0.3;0.3;0.000015;0.000015;0.000015;282
6;1;9;1000000000;1000000000;1000000000;0.3;0.3;0.3;0.000015;0.000015;0.000015;282
6;1;10;1000000000;1000000000;1000000000;0.3;0.3;0.3;0.000015;0.000015;0.000015;282
6;1;11;1000000000;1000000000;1000000000;0.3;0.3;0.3;0.000015;0.000015;0.000015;282
6;1;12;1000000000;1000000000;1000000000;0.3;0.3;0.3;0.000015;0.000015;0.000015;282
6;1;13;1000000000;1000000000;1000000000;0.3;0.3;0.3;0.000015;0.000015;0.000015;282
6;1;14;1000000000;1000000000;1000000000;0.3;0.3;0.3;0.000015;0.000015;0.000015;282
6;2;1;1000000000;1000000000;1000000000;0.3;0.3;0.3;0.000015;0.000015;0.000015;377
6;2;2;1000000000;1000000000;1000000000;0.3;0.3;0.3;0.000015;0.000015;0.000015;377
6;2;3;1000000000;1000000000;1000000000;0.3;0.3;0.3;0.000015;0.000015;0.000015;377
6;2;4;1000000000;1000000000;1000000000;0.3;0.3;0.3;0.000015;0.000015;0.000015;377
6;2;5;1000000000;1000000000;1000000000;0.3;0.3;0.3;0.000015;0.000015;0.000015;377
6;2;6;1000000000;1000000000;1000000000;0.3;0.3;0.3;0.000015;0.000015;0.000015;377
6;2;7;1000000000;1000000000;1000000000;0.3;0.3;0.3;0.000015;0.000015;0.000015;377
6;2;8;1000000000;1000000000;1000000000;0.3;0.3;0.3;0.000015;0.000015;0.000015;377
6;2;9;1000000000;1000000000;1000000000;0.3;0.3;0.3;0.000015;0.000015;0.000015;377
6;2;10;1000000000;1000000000;1000000000;0.3;0.3;0.3;0.000015;0.000015;0.000015;377
6;2;11;1000000000;1000000000;1000000000;0.3;0.3;0.3;0.000015;0.000015;0.000015;377
6;2;12;1000000000;1000000000;1000000000;0.3;0.3;0.3;0.000015;0.000015;0.000015;377
6;2;13;1000000000;1000000000;1000000000;0.3;0.3;0.3;0.000015;0.000015;0.000015;377
6;2;14;1000000000;1000000000;1000000000;0.3;0.3;0.3;0.000015;0.000015;0.000015;377
6;3;1;1000000000;1000000000;1000000000;0.3;0.3;0.3;0.000015;0.000015;0.000015;174
6;3;2;1000000000;1000000000;1000000000;0.3;0.3;0.3;0.000015;0.000015;0.000015;174
6;3;3;1000000000;1000000000;1000000000;0.3;0.3;0.3;0.000015;0.000015;0.000015;174
6;3;4;1000000000;1000000000;1000000000;0.3;0.3;0.3;0.000015;0.000015;0.000015;174
6;3;5;1000000000;1000000000;1000000000;0.3;0.3;0.3;0.000015;0.000015;0.000015;174
6;3;6;1000000000;1000000000;1000000000;0.3;0.3;0.3;0.000015;0.000015;0.000015;174
6;3;7;1000000000;1000000000;1000000000;0.3;0.3;0.3;0.000015;0.000015;0.000015;174
6;3;8;1000000000;1000000000;1000000000;0.3;0.3;0.3;0.000015;0.000015;0.000015;174
6;3;9;1000000000;1000000000;1000000000;0.3;0.3;0.3;0.000015;0.000015;0.000015;174
6;3;10;1000000000;1000000000;1000000000;0.3;0.3;0.3;0.000015;0.000015;0.000015;174
6;3;11;1000000000;1000000000;1000000000;0.3;0.3;0.3;0.000015;0.000015;0.000015;174
6;3;12;1000000000;1000000000;1000000000;0.3;0.3;0.3;0.000015;0.000015;0.000015;174
6;3;13;1000000000;1000000000;1000000000;0.3;0.3;0.3;0.000015;0.000015;0.000015;174
6;3;14;1000000000;1000000000;1000000000;0.3;0.3;0.3;0.000015;0.000015;0.000015;174
6;4;1;1000000000;1000000000;1000000000;0.3;0.3;0.3;0.000015;0.000015;0.000015;420
6;4;2;1000000000;1000000000;1000000000;0.3;0.3;0.3;0.000015;0.000015;0.000015;420
6;4;3;1000000000;1000000000;1000000000;0.3;0.3;0.3;0.000015;0.000015;0.000015;420
6;4;4;1000000000;1000000000;1000000000;0.3;0.3;0.3;0.000015;0.000015;0.000015;420
6;4;5;1000000000;1000000000;1000000000;0.3;0.3;0.3;0.000015;0.000015;0.000015;420
6;4;6;1000000000;1000000000;1000000000;0.3;0.3;0.3;0.000015;0.000015;0.000015;420
6;4;7;1000000000;1000000000;1000000000;0.3;0.3;0.3;0.000015;0.000015;0.000015;420
6;4;8;1000000000;1000000000;1000000000;0.3;0.3;0.3;0.000015;0.000015;0.000015;420
6;4;9;1000000000;1000000000;1000000000;0.3;0.3;0.3;0.000015;0.000015;0.000015;420
6;4;10;1000000000;1000000000;1000000000;0.3;0.3;0.3;0.000015;0.000015;0.000015;420
6;4;11;1000000000;1000000000;1000000000;0.3;0.3;0.3;0.000015;0.000015;0.000015;420
6;4;12;1000000000;1000000000;1000000000;0.3;0.3;0.3;0.000015;0.000015;0.000015;420
6;4;13;1000000000;1000000000;1000000000;0.3;0.3;0.3;0.000015;0.000015;0.000015;420
6;4;14;1000000000;1000000000;1000000000;0.3;0.3;0.3;0.000015;0.000015;0.000015;420
6;5;1;1000000000;1000000000;1000000000;0.3;0.3;0.3;0.000015;0.000015;0.000015;304
6;5;2;1000000000;1000000000;1000000000;0.3;0.3;0.3;0.000015;0.000015;0.000015;304
6;5;3;1000000000;1000000000;1000000000;0.3;0.3;0.3;0.000015;0.000015;0.000015;304
6;5;4;1000000000;1000000000;1000000000;0.3;0.3;0.3;0.000015;0.000015;0.000015;304
6;5;5;1000000000;1000000000;1000000000;0.3;0.3;0.3;0.000015;0.000015;0.000015;304
6;5;6;1000000000;1000000000;1000000000;0.3;0.3;0.3;0.000015;0.000015;0.000015;304
6;5;7;1000000000;1000000000;1000000000;0.3;0.3;0.3;0.000015;0.000015;0.000015;304
6;5;8;1000000000;1000000000;1000000000;0.3;0.3;0.3;0.000015;0.000015;0.000015;304
6;5;9;1000000000;1000000000;1000000000;0.3;0.3;0.3;0.000015;0.000015;0.000015;304
6;5;10;1000000000;1000000000;1000000000;0.3;0.3;0.3;0.000015;0.000015;0.000015;304
6;5;11;1000000000;1000000000;1000000000;0.3;0.3;0.3;0.000015;0.000015;0.000015;304
6;5;12;1000000000;1000000000;1000000000;0.3;0.3;0.3;0.000015;0.000015;0.000015;304
6;5;13;1000000000;1000000000;1000000000;0.3;0.3;0.3;0.000015;0.000015;0.000015;304
6;5;14;1000000000;1000000000;1000000000;0.3;0.3;0.3;0.000015;0.000015;0.000015;304
6;6;1;1000000000;1000000000;1000000000;0.3;0.3;0.3;0.000015;0.000015;0.000015;225
6;6;2;1000000000;1000000000;1000000000;0.3;0.3;0.3;0.000015;0.000015;0.000015;225
6;6;3;1000000000;1000000000;1000000000;0.3;0.3;0.3;0.000015;0.000015;0.000015;225
6;6;4;1000000000;1000000000;1000000000;0.3;0.3;0.3;0.000015;0.000015;0.000015;225
6;6;5;1000000000;1000000000;1000000000;0.3;0.3;0.3;0.000015;0.000015;0.000015;225
6;6;6;1000000000;1000000000;1000000000;0.3;0.3;0.3;0.000015;0.000015;0.000015;225
6;6;7;1000000000;1000000000;1000000000;0.3;0.3;0.3;0.000015;0.000015;0.000015;225
6;6;8;1000000000;1000000000;1000000000;0.3;0.3;0.3;0.000015;0.000015;0.000015;225
6;6;9;1000000000;1000000000;1000000000;0.3;0.3;0.3;0.000015;0.000015;0.000015;225
6;6;10;1000000000;1000000000;1000000000;0.3;0.3;0.3;0.000015;0.000015;0.000015;225
6;6;11;1000000000;1000000000;1000000000;0.3;0.3;0.3;0.000015;0.000015;0.000015;225
6;6;12;1000000000;1000000000;1000000000;0.3;0.3;0.3;0.000015;0.000015;0.000015;225
6;6;13;1000000000;1000000000;1000000000;0.3;0.3;0.3;0.000015;0.000015;0.000015;225
6;6;14;1000000000;1000000000;1000000000;0.3;0.3;0.3;0.000015;0.000015;0.000015;225
6;7;1;1000000000;1000000000;1000000000;0.3;0.3;0.3;0.000015;0.000015;0.000015;244
6;7;2;1000000000;1000000000;1000000000;0.3;0.3;0.3;0.000015;0.000015;0.000015;244
6;7;3;1000000000;1000000000;1000000000;0.3;0.3;0.3;0.000015;0.000015;0.000015;244
6;7;4;1000000000;1000000000;1000000000;0.3;0.3;0.3;0.000015;0.000015;0.000015;244
6;7;5;1000000000;1000000000;1000000000;0.3;0.3;0.3;0.000015;0.000015;0.000015;244
6;7;6;1000000000;1000000000;1000000000;0.3;0.3;0.3;0.000015;0.000015;0.000015;244
6;7;7;1000000000;1000000000;1000000000;0.3;0.3;0.3;0.000015;0.000015;0.000015;244
6;7;8;1000000000;1000000000;1000000000;0.3;0.3;0.3;0.000015;0.000015;0.000015;244
6;7;9;1000000000;1000000000;1000000000;0.3;0.3;0.3;0.000015;0.000015;0.000015;244
6;7;10;1000000000;1000000000;1000000000;0.3;0.3;0.3;0.000015;0.000015;0.000015;244
6;7;11;1000000000;1000000000;1000000000;0.3;0.3;0.3;0.000015;0.000015;0.000015;244
6;7;12;1000000000;1000000000;1000000000;0.3;0.3;0.3;0.000015;0.000015;0.000015;244
6;7;13;1000000000;1000000000;1000000000;0.3;0.3;0.3;0.000015;0.000015;0.000015;244
6;7;14;1000000000;1000000000;1000000000;0.3;0.3;0.3;0.000015;0.000015;0.000015;244
6;8;1;1000000000;1000000000;1000000000;0.3;0.3;0.3;0.000015;0.000015;0.000015;305
6;8;2;1000000000;1000000000;1000000000;0.3;0.3;0.3;0.000015;0.000015;0.000015;305
6;8;3;1000000000;1000000000;1000000000;0.3;0.3;0.3;0.000015;0.000015;0.000015;305
6;8;4;1000000000;1000000000;1000000000;0.3;0.3;0.3;0.000015;0.000015;0.000015;305
6;8;5;1000000000;1000000000;1000000000;0.3;0.3;0.3;0.000015;0.000015;0.000015;305
6;8;6;1000000000;1000000000;1000000000;0.3;0.3;0.3;0.000015;0.000015;0.000015;305
6;8;7;1000000000;1000000000;1000000000;0.3;0.3;0.3;0.000015;0.000015;0.000015;305
6;8;8;1000000000;1000000000;1000000000;0.3;0.3;0.3;0.000015;0.000015;0.000015;305
6;8;9;1000000000;1000000000;1000000000;0.3;0.3;0.3;0.000015;0.000015;0.000015;305
6;8;10;1000000000;1000000000;1000000000;0.3;0.3;0.3;0.000015;0.000015;0.000015;305
6;8;11;1000000000;1000000000;1000000000;0.3;0.3;0.3;0.000015;0.000015;0.000015;305
6;8;12;1000000000;1000000000;1000000000;0.3;0.3;0.3;0.000015;0.000015;0.000015;305
6;8;13;1000000000;1000000000;1000000000;0.3;0.3;0.3;0.000015;0.000015;0.000015;305
6;8;14;1000000000;1000000000;1000000000;0.3;0.3;0.3;0.000015;0.000015;0.000015;305
6;9;1;1000000000;1000000000;1000000000;0.3;0.3;0.3;0.000015;0.000015;0.000015;194
6;9;2;1000000000;1000000000;1000000000;0.3;0.3;0.3;0.000015;0.000015;0.000015;194
6;9;3;1000000000;1000000000;1000000000;0.3;0.3;0.3;0.000015;0.000015;0.000015;194
6;9;4;1000000000;1000000000;1000000000;0.3;0.3;0.3;0.000015;0.000015;0.000015;194
6;9;5;1000000000;1000000000;1000000000;0.3;0.3;0.3;0.000015;0.000015;0.000015;194
6;9;6;1000000000;1000000000;1000000000;0.3;0.3;0.3;0.000015;0.000015;0.000015;194
6;9;7;1000000000;1000000000;1000000000;0.3;0.3;0.3;0.000015;0.000015;0.000015;194
6;9;8;1000000000;1000000000;1000000000;0.3;0.3;0.3;0.000015;0.000015;0.000015;194
6;9;9;1000000000;1000000000;1000000000;0.3;0.3;0.3;0.000015;0.000015;0.000015;194
6;9;10;1000000000;1000000000;1000000000;0.3;0.3;0.3;0.000015;0.000015;0.000015;194
6;9;11;1000000000;1000000000;1000000000;0.3;0.3;0.3;0.000015;0.000015;0.000015;194
6;9;12;1000000000;1000000000;1000000000;0.3;0.3;0.3;0.000015;0.000015;0.000015;194
6;9;13;1000000000;1000000000;1000000000;0.3;0.3;0.3;0.000015;0.000015;0.000015;194
6;9;14;1000000000;1000000000;1000000000;0.3;0.3;0.3;0.000015;0.000015;0.000015;194
6;10;1;1000000000;1000000000;1000000000;0.3;0.3;0.3;0.000015;0.000015;0.000015;220
6;10;2;1000000000;1000000000;1000000000;0.3;0.3;0.3;0.000015;0.000015;0.000015;220
6;10;3;1000000000;1000000000;1000000000;0.3;0.3;0.3;0.000015;0.000015;0.000015;220
6;10;4;1000000000;1000000000;1000000000;0.3;0.3;0.3;0.000015;0.000015;0.000015;220
6;10;5;1000000000;1000000000;1000000000;0.3;0.3;0.3;0.000015;0.000015;0.000015;220
6;10;6;1000000000;1000000000;1000000000;0.3;0.3;0.3;0.000015;0.000015;0.000015;220
6;10;7;1000000000;1000000000;1000000000;0.3;0.3;0.3;0.000015;0.000015;0.000015;220
6;10;8;1000000000;1000000000;1000000000;0.3;0.3;0.3;0.000015;0.000015;0.000015;220
6;10;9;1000000000;1000000000;1000000000;0.3;0.3;0.3;0.000015;0.000015;0.000015;220
6;10;10;1000000000;1000000000;1000000000;0.3;0.3;0.3;0.000015;0.000015;0.000015;220
6;10;11;1000000000;1000000000;1000000000;0.3;0.3;0.3;0.000015;0.000015;0.000015;220
6;10;12;1000000000;1000000000;1000000000;0.3;0.3;0.3;0.000015;0.000015;0.000015;220
6;10;13;1000000000;1000000000;1000000000;0.3;0.3;0.3;0.000015;0.000015;0.000015;220
6;10;14;1000000000;1000000000;1000000000;0.3;0.3;0.3;0.000015;0.000015;0.000015;220
7;1;1;1000000000;1000000000;1000000000;0.3;0.3;0.3;0.000015;0.000015;0.000015;229
7;1;2;1000000000;1000000000;1000000000;0.3;0.3;0.3;0.000015;0.000015;0.000015;229
7;1;3;1000000000;1000000000;1000000000;0.3;0.3;0.3;0.000015;0.000015;0.000015;229
7;1;4;1000000000;1000000000;1000000000;0.3;0.3;0.3;0.000015;0.000015;0.000015;229
7;1;5;1000000000;1000000000;1000000000;0.3;0.3;0.3;0.000015;0.000015;0.000015;229
7;1;6;1000000000;1000000000;1000000000;0.3;0.3;0.3;0.000015;0.000015;0.000015;229
7;1;7;1000000000;1000000000;1000000000;0.3;0.3;0.3;0.000015;0.000015;0.000015;229
7;1;8;1000000000;1000000000;1000000000;0.3;0.3;0.3;0.000015;0.000015;0.000015;229
7;1;9;1000000000;1000000000;1000000000;0.3;0.3;0.3;0.000015;0.000015;0.000015;229
7;1;10;1000000000;1000000000;1000000000;0.3;0.3;0.3;0.000015;0.000015;0.000015;229
7;1;11;1000000000;1000000000;1000000000;0.3;0.3;0.3;0.000015;0.000015;0.000015;229
7;1;12;1000000000;1000000000;1000000000;0.3;0.3;0.3;0.000015;0.000015;0.000015;229
7;1;13;1000000000;1000000000;1000000000;0.3;0.3;0.3;0.000015;0.000015;0.000015;229
7;1;14;1000000000;1000000000;1000000000;0.3;0.3;0.3;0.000015;0.000015;0.000015;229
7;2;1;1000000000;1000000000;1000000000;0.3;0.3;0.3;0.000015;0.000015;0.000015;303
7;2;2;1000000000;1000000000;1000000000;0.3;0.3;0.3;0.000015;0.000015;0.000015;303
7;2;3;1000000000;1000000000;1000000000;0.3;0.3;0.3;0.000015;0.000015;0.000015;303
7;2;4;1000000000;1000000000;1000000000;0.3;0.3;0.3;0.000015;0.000015;0.000015;303
7;2;5;1000000000;1000000000;1000000000;0.3;0.3;0.3;0.000015;0.000015;0.000015;303
7;2;6;1000000000;1000000000;1000000000;0.3;0.3;0.3;0.000015;0.000015;0.000015;303
7;2;7;1000000000;1000000000;1000000000;0.3;0.3;0.3;0.000015;0.000015;0.000015;303
7;2;8;1000000000;1000000000;1000000000;0.3;0.3;0.3;0.000015;0.000015;0.000015;303
7;2;9;1000000000;1000000000;1000000000;0.3;0.3;0.3;0.000015;0.000015;0.000015;303
7;2;10;1000000000;1000000000;1000000000;0.3;0.3;0.3;0.000015;0.000015;0.000015;303
7;2;11;1000000000;1000000000;1000000000;0.3;0.3;0.3;0.000015;0.000015;0.000015;303
7;2;12;1000000000;1000000000;1000000000;0.3;0.3;0.3;0.000015;0.000015;0.000015;303
7;2;13;1000000000;1000000000;1000000000;0.3;0.3;0.3;0.000015;0.000015;0.000015;303
7;2;14;1000000000;1000000000;1000000000;0.3;0.3;0.3;0.000015;0.000015;0.000015;303
7;3;1;1000000000;1000000000;1000000000;0.3;0.3;0.3;0.000015;0.000015;0.000015;234
7;3;2;1000000000;1000000000;1000000000;0.3;0.3;0.3;0.000015;0.000015;0.000015;234
7;3;3;1000000000;1000000000;1000000000;0.3;0.3;0.3;0.000015;0.000015;0.000015;234
7;3;4;1000000000;1000000000;1000000000;0.3;0.3;0.3;0.000015;0.000015;0.000015;234
7;3;5;1000000000;1000000000;1000000000;0.3;0.3;0.3;0.000015;0.000015;0.000015;234
7;3;6;1000000000;1000000000;1000000000;0.3;0.3;0.3;0.000015;0.000015;0.000015;234
7;3;7;1000000000;1000000000;1000000000;0.3;0.3;0.3;0.000015;0.000015;0.000015;234
7;3;8;1000000000;1000000000;1000000000;0.3;0.3;0.3;0.000015;0.000015;0.000015;234
7;3;9;1000000000;1000000000;1000000000;0.3;0.3;0.3;0.000015;0.000015;0.000015;234
7;3;10;1000000000;1000000000;1000000000;0.3;0.3;0.3;0.000015;0.000015;0.000015;234
7;3;11;1000000000;1000000000;1000000000;0.3;0.3;0.3;0.000015;0.000015;0.000015;234
7;3;12;1000000000;1000000000;1000000000;0.3;0.3;0.3;0.000015;0.000015;0.000015;234
7;3;13;1000000000;1000000000;1000000000;0.3;0.3;0.3;0.000015;0.000015;0.000015;234
7;3;14;1000000000;1000000000;1000000000;0.3;0.3;0.3;0.000015;0.000015;0.000015;234
7;4;1;1000000000;1000000000;1000000000;0.3;0.3;0.3;0.000015;0.000015;0.000015;485
7;4;2;1000000000;1000000000;1000000000;0.3;0.3;0.3;0.000015;0.000015;0.000015;485
7;4;3;1000000000;1000000000;1000000000;0.3;0.3;0.3;0.000015;0.000015;0.000015;485
7;4;4;1000000000;1000000000;1000000000;0.3;0.3;0.3;0.000015;0.000015;0.000015;485
7;4;5;1000000000;1000000000;1000000000;0.3;0.3;0.3;0.000015;0.000015;0.000015;485
7;4;6;1000000000;1000000000;1000000000;0.3;0.3;0.3;0.000015;0.000015;0.000015;485
7;4;7;1000000000;1000000000;1000000000;0.3;0.3;0.3;0.000015;0.000015;0.000015;485
7;4;8;1000000000;1000000000;1000000000;0.3;0.3;0.3;0.000015;0.000015;0.000015;485
7;4;9;1000000000;1000000000;1000000000;0.3;0.3;0.3;0.000015;0.000015;0.000015;485
7;4;10;1000000000;1000000000;1000000000;0.3;0.3;0.3;0.000015;0.000015;0.000015;485
7;4;11;1000000000;1000000000;1000000000;0.3;0.3;0.3;0.000015;0.000015;0.000015;485
7;4;12;1000000000;1000000000;1000000000;0.3;0.3;0.3;0.000015;0.000015;0.000015;485
7;4;13;1000000000;1000000000;1000000000;0.3;0.3;0.3;0.000015;0.000015;0.000015;485
7;4;14;1000000000;1000000000;1000000000;0.3;0.3;0.3;0.000015;0.000015;0.000015;485
7;5;1;1000000000;1000000000;1000000000;0.3;0.3;0.3;0.000015;0.000015;0.000015;378
7;5;2;1000000000;1000000000;1000000000;0.3;0.3;0.3;0.000015;0.000015;0.000015;378
7;5;3;1000000000;1000000000;1000000000;0.3;0.3;0.3;0.000015;0.000015;0.000015;378
7;5;4;1000000000;1000000000;1000000000;0.3;0.3;0.3;0.000015;0.000015;0.000015;378
7;5;5;1000000000;1000000000;1000000000;0.3;0.3;0.3;0.000015;0.000015;0.000015;378
7;5;6;1000000000;1000000000;1000000000;0.3;0.3;0.3;0.000015;0.000015;0.000015;378
7;5;7;1000000000;1000000000;1000000000;0.3;0.3;0.3;0.000015;0.000015;0.000015;378
7;5;8;1000000000;1000000000;1000000000;0.3;0.3;0.3;0.000015;0.000015;0.000015;378
7;5;9;1000000000;1000000000;1000000000;0.3;0.3;0.3;0.000015;0.000015;0.000015;378
7;5;10;1000000000;1000000000;1000000000;0.3;0.3;0.3;0.000015;0.000015;0.000015;378
7;5;11;1000000000;1000000000;1000000000;0.3;0.3;0.3;0.000015;0.000015;0.000015;378
7;5;12;1000000000;1000000000;1000000000;0.3;0.3;0.3;0.000015;0.000015;0.000015;378
7;5;13;1000000000;1000000000;1000000000;0.3;0.3;0.3;0.000015;0.000015;0.000015;378
7;5;14;1000000000;1000000000;1000000000;0.3;0.3;0.3;0.000015;0.000015;0.000015;378
7;6;1;1000000000;1000000000;1000000000;0.3;0.3;0.3;0.000015;0.000015;0.000015;166
7;6;2;1000000000;1000000000;1000000000;0.3;0.3;0.3;0.000015;0.000015;0.000015;166
7;6;3;1000000000;1000000000;1000000000;0.3;0.3;0.3;0.000015;0.000015;0.000015;166
7;6;4;1000000000;1000000000;1000000000;0.3;0.3;0.3;0.000015;0.000015;0.000015;166
7;6;5;1000000000;1000000000;1000000000;0.3;0.3;0.3;0.000015;0.000015;0.000015;166
7;6;6;1000000000;1000000000;1000000000;0.3;0.3;0.3;0.000015;0.000015;0.000015;166
7;6;7;1000000000;1000000000;1000000000;0.3;0.3;0.3;0.000015;0.000015;0.000015;166
7;6;8;1000000000;1000000000;1000000000;0.3;0.3;0.3;0.000015;0.000015;0.000015;166
7;6;9;1000000000;1000000000;1000000000;0.3;0.3;0.3;0.000015;0.000015;0.000015;166
7;6;10;1000000000;1000000000;1000000000;0.3;0.3;0.3;0.000015;0.000015;0.000015;166
7;6;11;1000000000;1000000000;1000000000;0.3;0.3;0.3;0.000015;0.000015;0.000015;166
7;6;12;1000000000;1000000000;1000000000;0.3;0.3;0.3;0.000015;0.000015;0.000015;166
7;6;13;1000000000;1000000000;1000000000;0.3;0.3;0.3;0.000015;0.000015;0.000015;166
7;6;14;1000000000;1000000000;1000000000;0.3;0.3;0.3;0.000015;0.000015;0.000015;166
7;7;1;1000000000;1000000000;1000000000;0.3;0.3;0.3;0.000015;0.000015;0.000015;291
7;7;2;1000000000;1000000000;1000000000;0.3;0.3;0.3;0.000015;0.000015;0.000015;291
7;7;3;1000000000;1000000000;1000000000;0.3;0.3;0.3;0.000015;0.000015;0.000015;291
7;7;4;1000000000;1000000000;1000000000;0.3;0.3;0.3;0.000015;0.000015;0.000015;291
7;7;5;1000000000;1000000000;1000000000;0.3;0.3;0.3;0.000015;0.000015;0.000015;291
7;7;6;1000000000;1000000000;1000000000;0.3;0.3;0.3;0.000015;0.000015;0.000015;291
7;7;7;1000000000;1000000000;1000000000;0.3;0.3;0.3;0.000015;0.000015;0.000015;291
7;7;8;1000000000;1000000000;1000000000;0.3;0.3;0.3;0.000015;0.000015;0.000015;291
7;7;9;1000000000;1000000000;1000000000;0.3;0.3;0.3;0.000015;0.000015;0.000015;291
7;7;10;1000000000;1000000000;1000000000;0.3;0.3;0.3;0.000015;0.000015;0.000015;291
7;7;11;1000000000;1000000000;1000000000;0.3;0.3;0.3;0.000015;0.000015;0.000015;291
7;7;12;1000000000;1000000000;1000000000;0.3;0.3;0.3;0.000015;0.000015;0.000015;291
7;7;13;1000000000;1000000000;1000000000;0.3;0.3;0.3;0.000015;0.000015;0.000015;291
7;7;14;1000000000;1000000000;1000000000;0.3;0.3;0.3;0.000015;0.000015;0.000015;291
7;8;1;1000000000;1000000000;1000000000;0.3;0.3;0.3;0.000015;0.000015;0.000015;246
7;8;2;1000000000;1000000000;1000000000;0.3;0.3;0.3;0.000015;0.000015;0.000015;246
7;8;3;1000000000;1000000000;1000000000;0.3;0.3;0.3;0.000015;0.000015;0.000015;246
7;8;4;1000000000;1000000000;1000000000;0.3;0.3;0.3;0.000015;0.000015;0.000015;246
7;8;5;1000000000;1000000000;1000000000;0.3;0.3;0.3;0.000015;0.000015;0.000015;246
7;8;6;1000000000;1000000000;1000000000;0.3;0.3;0.3;0.000015;0.000015;0.000015;246
7;8;7;1000000000;1000000000;1000000000;0.3;0.3;0.3;0.000015;0.000015;0.000015;246
7;8;8;1000000000;1000000000;1000000000;0.3;0.3;0.3;0.000015;0.000015;0.000015;246
7;8;9;1000000000;1000000000;1000000000;0.3;0.3;0.3;0.000015;0.000015;0.000015;246
7;8;10;1000000000;1000000000;1000000000;0.3;0.3;0.3;0.000015;0.000015;0.000015;246
7;8;11;1000000000;1000000000;1000000000;0.3;0.3;0.3;0.000015;0.000015;0.000015;246
7;8;12;1000000000;1000000000;1000000000;0.3;0.3;0.3;0.000015;0.000015;0.000015;246
7;8;13;1000000000;1000000000;1000000000;0.3;0.3;0.3;0.000015;0.000015;0.000015;246
7;8;14;1000000000;1000000000;1000000000;0.3;0.3;0.3;0.000015;0.000015;0.000015;246
7;9;1;1000000000;1000000000;1000000000;0.3;0.3;0.3;0.000015;0.000015;0.000015;193
7;9;2;1000000000;1000000000;1000000000;0.3;0.3;0.3;0.000015;0.000015;0.000015;193
7;9;3;1000000000;1000000000;1000000000;0.3;0.3;0.3;0.000015;0.000015;0.000015;193
7;9;4;1000000000;1000000000;1000000000;0.3;0.3;0.3;0.000015;0.000015;0.000015;193
7;9;5;1000000000;1000000000;1000000000;0.3;0.3;0.3;0.000015;0.000015;0.000015;193
7;9;6;1000000000;1000000000;1000000000;0.3;0.3;0.3;0.000015;0.000015;0.000015;193
7;9;7;1000000000;1000000000;1000000000;0.3;0.3;0.3;0.000015;0.000015;0.000015;193
7;9;8;1000000000;1000000000;1000000000;0.3;0.3;0.3;0.000015;0.000015;0.000015;193
7;9;9;1000000000;1000000000;1000000000;0.3;0.3;0.3;0.000015;0.000015;0.000015;193
7;9;10;1000000000;1000000000;1000000000;0.3;0.3;0.3;0.000015;0.000015;0.000015;193
7;9;11;1000000000;1000000000;1000000000;0.3;0.3;0.3;0.000015;0.000015;0.000015;193
7;9;12;1000000000;1000000000;1000000000;0.3;0.3;0.3;0.000015;0.000015;0.000015;193
7;9;13;1000000000;1000000000;1000000000;0.3;0.3;0.3;0.000015;0.000015;0.000015;193
7;9;14;1000000000;1000000000;1000000000;0.3;0.3;0.3;0.000015;0.000015;0.000015;193
7;10;1;1000000000;1000000000;1000000000;0.3;0.3;0.3;0.000015;0.000015;0.000015;304
7;10;2;1000000000;1000000000;1000000000;0.3;0.3;0.3;0.000015;0.000015;0.000015;304
7;10;3;1000000000;1000000000;1000000000;0.3;0.3;0.3;0.000015;0.000015;0.000015;304
7;10;4;1000000000;1000000000;1000000000;0.3;0.3;0.3;0.000015;0.000015;0.000015;304
7;10;5;1000000000;1000000000;1000000000;0.3;0.3;0.3;0.000015;0.000015;0.000015;304
7;10;6;1000000000;1000000000;1000000000;0.3;0.3;0.3;0.000015;0.000015;0.000015;304
7;10;7;1000000000;1000000000;1000000000;0.3;0.3;0.3;0.000015;0.000015;0.000015;304
7;10;8;1000000000;1000000000;1000000000;0.3;0.3;0.3;0.000015;0.000015;0.000015;304
7;10;9;1000000000;1000000000;1000000000;0.3;0.3;0.3;0.000015;0.000015;0.000015;304
7;10;10;1000000000;1000000000;1000000000;0.3;0.3;0.3;0.000015;0.000015;0.000015;304
7;10;11;1000000000;1000000000;1000000000;0.3;0.3;0.3;0.000015;0.000015;0.000015;304
7;10;12;1000000000;1000000000;1000000000;0.3;0.3;0.3;0.000015;0.000015;0.000015;304
7;10;13;1000000000;1000000000;1000000000;0.3;0.3;0.3;0.000015;0.000015;0.000015;304
7;10;14;1000000000;1000000000;1000000000;0.3;0.3;0.3;0.000015;0.000015;0.000015;304
8;1;1;1000000000;1000000000;1000000000;0.3;0.3;0.3;0.000015;0.000015;0.000015;122
8;1;2;1000000000;1000000000;1000000000;0.3;0.3;0.3;0.000015;0.000015;0.000015;122
8;1;3;1000000000;1000000000;1000000000;0.3;0.3;0.3;0.000015;0.000015;0.000015;122
8;1;4;1000000000;1000000000;1000000000;0.3;0.3;0.3;0.000015;0.000015;0.000015;122
8;1;5;1000000000;1000000000;1000000000;0.3;0.3;0.3;0.000015;0.000015;0.000015;122
8;1;6;1000000000;1000000000;1000000000;0.3;0.3;0.3;0.000015;0.000015;0.000015;122
8;1;7;1000000000;1000000000;1000000000;0.3;0.3;0.3;0.000015;0.000015;0.000015;122
8;1;8;1000000000;1000000000;1000000000;0.3;0.3;0.3;0.000015;0.000015;0.000015;122
8;1;9;1000000000;1000000000;1000000000;0.3;0.3;0.3;0.000015;0.000015;0.000015;122
8;1;10;1000000000;1000000000;1000000000;0.3;0.3;0.3;0.000015;0.000015;0.000015;122
8;1;11;1000000000;1000000000;1000000000;0.3;0.3;0.3;0.000015;0.000015;0.000015;122
8;1;12;1000000000;1000000000;1000000000;0.3;0.3;0.3;0.000015;0.000015;0.000015;122
8;1;13;1000000000;1000000000;1000000000;0.3;0.3;0.3;0.000015;0.000015;0.000015;122
8;1;14;1000000000;1000000000;1000000000;0.3;0.3;0.3;0.000015;0.000015;0.000015;122
8;2;1;1000000000;1000000000;1000000000;0.3;0.3;0.3;0.000015;0.000015;0.000015;201
8;2;2;1000000000;1000000000;1000000000;0.3;0.3;0.3;0.000015;0.000015;0.000015;201
8;2;3;1000000000;1000000000;1000000000;0.3;0.3;0.3;0.000015;0.000015;0.000015;201
8;2;4;1000000000;1000000000;1000000000;0.3;0.3;0.3;0.000015;0.000015;0.000015;201
8;2;5;1000000000;1000000000;1000000000;0.3;0.3;0.3;0.000015;0.000015;0.000015;201
8;2;6;1000000000;1000000000;1000000000;0.3;0.3;0.3;0.000015;0.000015;0.000015;201
8;2;7;1000000000;1000000000;1000000000;0.3;0.3;0.3;0.000015;0.000015;0.000015;201
8;2;8;1000000000;1000000000;1000000000;0.3;0.3;0.3;0.000015;0.000015;0.000015;201
8;2;9;1000000000;1000000000;1000000000;0.3;0.3;0.3;0.000015;0.000015;0.000015;201
8;2;10;1000000000;1000000000;1000000000;0.3;0.3;0.3;0.000015;0.000015;0.000015;201
8;2;11;1000000000;1000000000;1000000000;0.3;0.3;0.3;0.000015;0.000015;0.000015;201
8;2;12;1000000000;1000000000;1000000000;0.3;0.3;0.3;0.000015;0.000015;0.000015;201
8;2;13;1000000000;1000000000;1000000000;0.3;0.3;0.3;0.000015;0.000015;0.000015;201
8;2;14;1000000000;1000000000;1000000000;0.3;0.3;0.3;0.000015;0.000015;0.000015;201
8;3;1;1000000000;1000000000;1000000000;0.3;0.3;0.3;0.000015;0.000015;0.000015;112
8;3;2;1000000000;1000000000;1000000000;0.3;0.3;0.3;0.000015;0.000015;0.000015;112
8;3;3;1000000000;1000000000;1000000000;0.3;0.3;0.3;0.000015;0.000015;0.000015;112
8;3;4;1000000000;1000000000;1000000000;0.3;0.3;0.3;0.000015;0.000015;0.000015;112
8;3;5;1000000000;1000000000;1000000000;0.3;0.3;0.3;0.000015;0.000015;0.000015;112
8;3;6;1000000000;1000000000;1000000000;0.3;0.3;0.3;0.000015;0.000015;0.000015;112
8;3;7;1000000000;1000000000;1000000000;0.3;0.3;0.3;0.000015;0.000015;0.000015;112
8;3;8;1000000000;1000000000;1000000000;0.3;0.3;0.3;0.000015;0.000015;0.000015;112
8;3;9;1000000000;1000000000;1000000000;0.3;0.3;0.3;0.000015;0.000015;0.000015;112
8;3;10;1000000000;1000000000;1000000000;0.3;0.3;0.3;0.000015;0.000015;0.000015;112
8;3;11;1000000000;1000000000;1000000000;0.3;0.3;0.3;0.000015;0.000015;0.000015;112
8;3;12;1000000000;1000000000;1000000000;0.3;0.3;0.3;0.000015;0.000015;0.000015;112
8;3;13;1000000000;1000000000;1000000000;0.3;0.3;0.3;0.000015;0.000015;0.000015;112
8;3;14;1000000000;1000000000;1000000000;0.3;0.3;0.3;0.000015;0.000015;0.000015;112
8;4;1;1000000000;1000000000;1000000000;0.3;0.3;0.3;0.000015;0.000015;0.000015;510
8;4;2;1000000000;1000000000;1000000000;0.3;0.3;0.3;0.000015;0.000015;0.000015;510
8;4;3;1000000000;1000000000;1000000000;0.3;0.3;0.3;0.000015;0.000015;0.000015;510
8;4;4;1000000000;1000000000;1000000000;0.3;0.3;0.3;0.000015;0.000015;0.000015;510
8;4;5;1000000000;1000000000;1000000000;0.3;0.3;0.3;0.000015;0.000015;0.000015;510
8;4;6;1000000000;1000000000;1000000000;0.3;0.3;0.3;0.000015;0.000015;0.000015;510
8;4;7;1000000000;1000000000;1000000000;0.3;0.3;0.3;0.000015;0.000015;0.000015;510
8;4;8;1000000000;1000000000;1000000000;0.3;0.3;0.3;0.000015;0.000015;0.000015;510
8;4;9;1000000000;1000000000;1000000000;0.3;0.3;0.3;0.000015;0.000015;0.000015;510
8;4;10;1000000000;1000000000;1000000000;0.3;0.3;0.3;0.000015;0.000015;0.000015;510
8;4;11;1000000000;1000000000;1000000000;0.3;0.3;0.3;0.000015;0.000015;0.000015;510
8;4;12;1000000000;1000000000;1000000000;0.3;0.3;0.3;0.000015;0.000015;0.000015;510
8;4;13;1000000000;1000000000;1000000000;0.3;0.3;0.3;0.000015;0.000015;0.000015;510
8;4;14;1000000000;1000000000;1000000000;0.3;0.3;0.3;0.000015;0.000015;0.000015;510
8;5;1;1000000000;1000000000;1000000000;0.3;0.3;0.3;0.000015;0.000015;0.000015;192
8;5;2;1000000000;1000000000;1000000000;0.3;0.3;0.3;0.000015;0.000015;0.000015;192
8;5;3;1000000000;1000000000;1000000000;0.3;0.3;0.3;0.000015;0.000015;0.000015;192
8;5;4;1000000000;1000000000;1000000000;0.3;0.3;0.3;0.000015;0.000015;0.000015;192
8;5;5;1000000000;1000000000;1000000000;0.3;0.3;0.3;0.000015;0.000015;0.000015;192
8;5;6;1000000000;1000000000;1000000000;0.3;0.3;0.3;0.000015;0.000015;0.000015;192
8;5;7;1000000000;1000000000;1000000000;0.3;0.3;0.3;0.000015;0.000015;0.000015;192
8;5;8;1000000000;1000000000;1000000000;0.3;0.3;0.3;0.000015;0.000015;0.000015;192
8;5;9;1000000000;1000000000;1000000000;0.3;0.3;0.3;0.000015;0.000015;0.000015;192
8;5;10;1000000000;1000000000;1000000000;0.3;0.3;0.3;0.000015;0.000015;0.000015;192
8;5;11;1000000000;1000000000;1000000000;0.3;0.3;0.3;0.000015;0.000015;0.000015;192
8;5;12;1000000000;1000000000;1000000000;0.3;0.3;0.3;0.000015;0.000015;0.000015;192
8;5;13;1000000000;1000000000;1000000000;0.3;0.3;0.3;0.000015;0.000015;0.000015;192
8;5;14;1000000000;1000000000;1000000000;0.3;0.3;0.3;0.000015;0.000015;0.000015;192
8;6;1;1000000000;1000000000;1000000000;0.3;0.3;0.3;0.000015;0.000015;0.000015;366
8;6;2;1000000000;1000000000;1000000000;0.3;0.3;0.3;0.000015;0.000015;0.000015;366
8;6;3;1000000000;1000000000;1000000000;0.3;0.3;0.3;0.000015;0.000015;0.000015;366
8;6;4;1000000000;1000000000;1000000000;0.3;0.3;0.3;0.000015;0.000015;0.000015;366
8;6;5;1000000000;1000000000;1000000000;0.3;0.3;0.3;0.000015;0.000015;0.000015;366
8;6;6;1000000000;1000000000;1000000000;0.3;0.3;0.3;0.000015;0.000015;0.000015;366
8;6;7;1000000000;1000000000;1000000000;0.3;0.3;0.3;0.000015;0.000015;0.000015;366
8;6;8;1000000000;1000000000;1000000000;0.3;0.3;0.3;0.000015;0.000015;0.000015;366
8;6;9;1000000000;1000000000;1000000000;0.3;0.3;0.3;0.000015;0.000015;0.000015;366
8;6;10;1000000000;1000000000;1000000000;0.3;0.3;0.3;0.000015;0.000015;0.000015;366
8;6;11;1000000000;1000000000;1000000000;0.3;0.3;0.3;0.000015;0.000015;0.000015;366
8;6;12;1000000000;1000000000;1000000000;0.3;0.3;0.3;0.000015;0.000015;0.000015;366
8;6;13;1000000000;1000000000;1000000000;0.3;0.3;0.3;0.000015;0.000015;0.000015;366
8;6;14;1000000000;1000000000;1000000000;0.3;0.3;0.3;0.000015;0.000015;0.000015;366
8;7;1;1000000000;1000000000;1000000000;0.3;0.3;0.3;0.000015;0.000015;0.000015;729
8;7;2;1000000000;1000000000;1000000000;0.3;0.3;0.3;0.000015;0.000015;0.000015;729
8;7;3;1000000000;1000000000;1000000000;0.3;0.3;0.3;0.000015;0.000015;0.000015;729
8;7;4;1000000000;1000000000;1000000000;0.3;0.3;0.3;0.000015;0.000015;0.000015;729
8;7;5;1000000000;1000000000;1000000000;0.3;0.3;0.3;0.000015;0.000015;0.000015;729
8;7;6;1000000000;1000000000;1000000000;0.3;0.3;0.3;0.000015;0.000015;0.000015;729
8;7;7;1000000000;1000000000;1000000000;0.3;0.3;0.3;0.000015;0.000015;0.000015;729
8;7;8;1000000000;1000000000;1000000000;0.3;0.3;0.3;0.000015;0.000015;0.000015;729
8;7;9;1000000000;1000000000;1000000000;0.3;0.3;0.3;0.000015;0.000015;0.000015;729
8;7;10;1000000000;1000000000;1000000000;0.3;0.3;0.3;0.000015;0.000015;0.000015;729
8;7;11;1000000000;1000000000;1000000000;0.3;0.3;0.3;0.000015;0.000015;0.000015;729
8;7;12;1000000000;1000000000;1000000000;0.3;0.3;0.3;0.000015;0.000015;0.000015;729
8;7;13;1000000000;1000000000;1000000000;0.3;0.3;0.3;0.000015;0.000015;0.000015;729
8;7;14;1000000000;1000000000;1000000000;0.3;0.3;0.3;0.000015;0.000015;0.000015;729
8;8;1;1000000000;1000000000;1000000000;0.3;0.3;0.3;0.000015;0.000015;0.000015;553
8;8;2;1000000000;1000000000;1000000000;0.3;0.3;0.3;0.000015;0.000015;0.000015;553
8;8;3;1000000000;1000000000;1000000000;0.3;0.3;0.3;0.000015;0.000015;0.000015;553
8;8;4;1000000000;1000000000;1000000000;0.3;0.3;0.3;0.000015;0.000015;0.000015;553
8;8;5;1000000000;1000000000;1000000000;0.3;0.3;0.3;0.000015;0.000015;0.000015;553
8;8;6;1000000000;1000000000;1000000000;0.3;0.3;0.3;0.000015;0.000015;0.000015;553
8;8;7;1000000000;1000000000;1000000000;0.3;0.3;0.3;0.000015;0.000015;0.000015;553
8;8;8;1000000000;1000000000;1000000000;0.3;0.3;0.3;0.000015;0.000015;0.000015;553
8;8;9;1000000000;1000000000;1000000000;0.3;0.3;0.3;0.000015;0.000015;0.000015;553
8;8;10;1000000000;1000000000;1000000000;0.3;0.3;0.3;0.000015;0.000015;0.000015;553
8;8;11;1000000000;1000000000;1000000000;0.3;0.3;0.3;0.000015;0.000015;0.000015;553
8;8;12;1000000000;1000000000;1000000000;0.3;0.3;0.3;0.000015;0.000015;0.000015;553
8;8;13;1000000000;1000000000;1000000000;0.3;0.3;0.3;0.000015;0.000015;0.000015;553
8;8;14;1000000000;1000000000;1000000000;0.3;0.3;0.3;0.000015;0.000015;0.000015;553
8;9;1;1000000000;1000000000;1000000000;0.3;0.3;0.3;0.000015;0.000015;0.000015;239
8;9;2;1000000000;1000000000;1000000000;0.3;0.3;0.3;0.000015;0.000015;0.000015;239
8;9;3;1000000000;1000000000;1000000000;0.3;0.3;0.3;0.000015;0.000015;0.000015;239
8;9;4;1000000000;1000000000;1000000000;0.3;0.3;0.3;0.000015;0.000015;0.000015;239
8;9;5;1000000000;1000000000;1000000000;0.3;0.3;0.3;0.000015;0.000015;0.000015;239
8;9;6;1000000000;1000000000;1000000000;0.3;0.3;0.3;0.000015;0.000015;0.000015;239
8;9;7;1000000000;1000000000;1000000000;0.3;0.3;0.3;0.000015;0.000015;0.000015;239
8;9;8;1000000000;1000000000;1000000000;0.3;0.3;0.3;0.000015;0.000015;0.000015;239
8;9;9;1000000000;1000000000;1000000000;0.3;0.3;0.3;0.000015;0.000015;0.000015;239
8;9;10;1000000000;1000000000;1000000000;0.3;0.3;0.3;0.000015;0.000015;0.000015;239
8;9;11;1000000000;1000000000;1000000000;0.3;0.3;0.3;0.000015;0.000015;0.000015;239
8;9;12;1000000000;1000000000;1000000000;0.3;0.3;0.3;0.000015;0.000015;0.000015;239
8;9;13;1000000000;1000000000;1000000000;0.3;0.3;0.3;0.000015;0.000015;0.000015;239
8;9;14;1000000000;1000000000;1000000000;0.3;0.3;0.3;0.000015;0.000015;0.000015;239
8;10;1;1000000000;1000000000;1000000000;0.3;0.3;0.3;0.000015;0.000015;0.000015;185
8;10;2;1000000000;1000000000;1000000000;0.3;0.3;0.3;0.000015;0.000015;0.000015;185
8;10;3;1000000000;1000000000;1000000000;0.3;0.3;0.3;0.000015;0.000015;0.000015;185
8;10;4;1000000000;1000000000;1000000000;0.3;0.3;0.3;0.000015;0.000015;0.000015;185
8;10;5;1000000000;1000000000;1000000000;0.3;0.3;0.3;0.000015;0.000015;0.000015;185
8;10;6;1000000000;1000000000;1000000000;0.3;0.3;0.3;0.000015;0.000015;0.000015;185
8;10;7;1000000000;1000000000;1000000000;0.3;0.3;0.3;0.000015;0.000015;0.000015;185
8;10;8;1000000000;1000000000;1000000000;0.3;0.3;0.3;0.000015;0.000015;0.000015;185
8;10;9;1000000000;1000000000;1000000000;0.3;0.3;0.3;0.000015;0.000015;0.000015;185
8;10;10;1000000000;1000000000;1000000000;0.3;0.3;0.3;0.000015;0.000015;0.000015;185
8;10;11;1000000000;1000000000;1000000000;0.3;0.3;0.3;0.000015;0.000015;0.000015;185
8;10;12;1000000000;1000000000;1000000000;0.3;0.3;0.3;0.000015;0.000015;0.000015;185
8;10;13;1000000000;1000000000;1000000000;0.3;0.3;0.3;0.000015;0.000015;0.000015;185
8;10;14;1000000000;1000000000;1000000000;0.3;0.3;0.3;0.000015;0.000015;0.000015;185












