i;j;t;TC_aijt;G_aijt;F_aij;W_ij
1;1;1;100000;0.1;0.0002;60
1;1;2;100000;0.1;0.0002;60
1;1;3;100000;0.1;0.0002;60
1;1;4;100000;0.1;0.0002;60
1;1;5;100000;0.1;0.0002;60
1;1;6;100000;0.1;0.0002;60
1;1;7;100000;0.1;0.0002;60
1;1;8;100000;0.1;0.0002;60
1;1;9;100000;0.1;0.0002;60
1;1;10;100000;0.1;0.0002;60
1;1;11;100000;0.1;0.0002;60
1;1;12;100000;0.1;0.0002;60
1;1;13;100000;0.1;0.0002;60
1;1;14;100000;0.1;0.0002;60
1;2;1;100000;0.1;0.0002;72
1;2;2;100000;0.1;0.0002;72
1;2;3;100000;0.1;0.0002;72
1;2;4;100000;0.1;0.0002;72
1;2;5;100000;0.1;0.0002;72
1;2;6;100000;0.1;0.0002;72
1;2;7;100000;0.1;0.0002;72
1;2;8;100000;0.1;0.0002;72
1;2;9;100000;0.1;0.0002;72
1;2;10;100000;0.1;0.0002;72
1;2;11;100000;0.1;0.0002;72
1;2;12;100000;0.1;0.0002;72
1;2;13;100000;0.1;0.0002;72
1;2;14;100000;0.1;0.0002;72
1;3;1;100000;0.1;0.0002;104
1;3;2;100000;0.1;0.0002;104
1;3;3;100000;0.1;0.0002;104
1;3;4;100000;0.1;0.0002;104
1;3;5;100000;0.1;0.0002;104
1;3;6;100000;0.1;0.0002;104
1;3;7;100000;0.1;0.0002;104
1;3;8;100000;0.1;0.0002;104
1;3;9;100000;0.1;0.0002;104
1;3;10;100000;0.1;0.0002;104
1;3;11;100000;0.1;0.0002;104
1;3;12;100000;0.1;0.0002;104
1;3;13;100000;0.1;0.0002;104
1;3;14;100000;0.1;0.0002;104
1;4;1;100000;0.1;0.0002;91
1;4;2;100000;0.1;0.0002;91
1;4;3;100000;0.1;0.0002;91
1;4;4;100000;0.1;0.0002;91
1;4;5;100000;0.1;0.0002;91
1;4;6;100000;0.1;0.0002;91
1;4;7;100000;0.1;0.0002;91
1;4;8;100000;0.1;0.0002;91
1;4;9;100000;0.1;0.0002;91
1;4;10;100000;0.1;0.0002;91
1;4;11;100000;0.1;0.0002;91
1;4;12;100000;0.1;0.0002;91
1;4;13;100000;0.1;0.0002;91
1;4;14;100000;0.1;0.0002;91
1;5;1;100000;0.1;0.0002;86
1;5;2;100000;0.1;0.0002;86
1;5;3;100000;0.1;0.0002;86
1;5;4;100000;0.1;0.0002;86
1;5;5;100000;0.1;0.0002;86
1;5;6;100000;0.1;0.0002;86
1;5;7;100000;0.1;0.0002;86
1;5;8;100000;0.1;0.0002;86
1;5;9;100000;0.1;0.0002;86
1;5;10;100000;0.1;0.0002;86
1;5;11;100000;0.1;0.0002;86
1;5;12;100000;0.1;0.0002;86
1;5;13;100000;0.1;0.0002;86
1;5;14;100000;0.1;0.0002;86
1;6;1;100000;0.1;0.0002;113
1;6;2;100000;0.1;0.0002;113
1;6;3;100000;0.1;0.0002;113
1;6;4;100000;0.1;0.0002;113
1;6;5;100000;0.1;0.0002;113
1;6;6;100000;0.1;0.0002;113
1;6;7;100000;0.1;0.0002;113
1;6;8;100000;0.1;0.0002;113
1;6;9;100000;0.1;0.0002;113
1;6;10;100000;0.1;0.0002;113
1;6;11;100000;0.1;0.0002;113
1;6;12;100000;0.1;0.0002;113
1;6;13;100000;0.1;0.0002;113
1;6;14;100000;0.1;0.0002;113
1;7;1;100000;0.1;0.0002;113
1;7;2;100000;0.1;0.0002;113
1;7;3;100000;0.1;0.0002;113
1;7;4;100000;0.1;0.0002;113
1;7;5;100000;0.1;0.0002;113
1;7;6;100000;0.1;0.0002;113
1;7;7;100000;0.1;0.0002;113
1;7;8;100000;0.1;0.0002;113
1;7;9;100000;0.1;0.0002;113
1;7;10;100000;0.1;0.0002;113
1;7;11;100000;0.1;0.0002;113
1;7;12;100000;0.1;0.0002;113
1;7;13;100000;0.1;0.0002;113
1;7;14;100000;0.1;0.0002;113
1;8;1;100000;0.1;0.0002;72
1;8;2;100000;0.1;0.0002;72
1;8;3;100000;0.1;0.0002;72
1;8;4;100000;0.1;0.0002;72
1;8;5;100000;0.1;0.0002;72
1;8;6;100000;0.1;0.0002;72
1;8;7;100000;0.1;0.0002;72
1;8;8;100000;0.1;0.0002;72
1;8;9;100000;0.1;0.0002;72
1;8;10;100000;0.1;0.0002;72
1;8;11;100000;0.1;0.0002;72
1;8;12;100000;0.1;0.0002;72
1;8;13;100000;0.1;0.0002;72
1;8;14;100000;0.1;0.0002;72
1;9;1;100000;0.1;0.0002;184
1;9;2;100000;0.1;0.0002;184
1;9;3;100000;0.1;0.0002;184
1;9;4;100000;0.1;0.0002;184
1;9;5;100000;0.1;0.0002;184
1;9;6;100000;0.1;0.0002;184
1;9;7;100000;0.1;0.0002;184
1;9;8;100000;0.1;0.0002;184
1;9;9;100000;0.1;0.0002;184
1;9;10;100000;0.1;0.0002;184
1;9;11;100000;0.1;0.0002;184
1;9;12;100000;0.1;0.0002;184
1;9;13;100000;0.1;0.0002;184
1;9;14;100000;0.1;0.0002;184
2;1;1;100000;0.1;0.0002;143
2;1;2;100000;0.1;0.0002;143
2;1;3;100000;0.1;0.0002;143
2;1;4;100000;0.1;0.0002;143
2;1;5;100000;0.1;0.0002;143
2;1;6;100000;0.1;0.0002;143
2;1;7;100000;0.1;0.0002;143
2;1;8;100000;0.1;0.0002;143
2;1;9;100000;0.1;0.0002;143
2;1;10;100000;0.1;0.0002;143
2;1;11;100000;0.1;0.0002;143
2;1;12;100000;0.1;0.0002;143
2;1;13;100000;0.1;0.0002;143
2;1;14;100000;0.1;0.0002;143
2;2;1;100000;0.1;0.0002;120
2;2;2;100000;0.1;0.0002;120
2;2;3;100000;0.1;0.0002;120
2;2;4;100000;0.1;0.0002;120
2;2;5;100000;0.1;0.0002;120
2;2;6;100000;0.1;0.0002;120
2;2;7;100000;0.1;0.0002;120
2;2;8;100000;0.1;0.0002;120
2;2;9;100000;0.1;0.0002;120
2;2;10;100000;0.1;0.0002;120
2;2;11;100000;0.1;0.0002;120
2;2;12;100000;0.1;0.0002;120
2;2;13;100000;0.1;0.0002;120
2;2;14;100000;0.1;0.0002;120
2;3;1;100000;0.1;0.0002;89
2;3;2;100000;0.1;0.0002;89
2;3;3;100000;0.1;0.0002;89
2;3;4;100000;0.1;0.0002;89
2;3;5;100000;0.1;0.0002;89
2;3;6;100000;0.1;0.0002;89
2;3;7;100000;0.1;0.0002;89
2;3;8;100000;0.1;0.0002;89
2;3;9;100000;0.1;0.0002;89
2;3;10;100000;0.1;0.0002;89
2;3;11;100000;0.1;0.0002;89
2;3;12;100000;0.1;0.0002;89
2;3;13;100000;0.1;0.0002;89
2;3;14;100000;0.1;0.0002;89
2;4;1;100000;0.1;0.0002;40
2;4;2;100000;0.1;0.0002;40
2;4;3;100000;0.1;0.0002;40
2;4;4;100000;0.1;0.0002;40
2;4;5;100000;0.1;0.0002;40
2;4;6;100000;0.1;0.0002;40
2;4;7;100000;0.1;0.0002;40
2;4;8;100000;0.1;0.0002;40
2;4;9;100000;0.1;0.0002;40
2;4;10;100000;0.1;0.0002;40
2;4;11;100000;0.1;0.0002;40
2;4;12;100000;0.1;0.0002;40
2;4;13;100000;0.1;0.0002;40
2;4;14;100000;0.1;0.0002;40
2;5;1;100000;0.1;0.0002;71
2;5;2;100000;0.1;0.0002;71
2;5;3;100000;0.1;0.0002;71
2;5;4;100000;0.1;0.0002;71
2;5;5;100000;0.1;0.0002;71
2;5;6;100000;0.1;0.0002;71
2;5;7;100000;0.1;0.0002;71
2;5;8;100000;0.1;0.0002;71
2;5;9;100000;0.1;0.0002;71
2;5;10;100000;0.1;0.0002;71
2;5;11;100000;0.1;0.0002;71
2;5;12;100000;0.1;0.0002;71
2;5;13;100000;0.1;0.0002;71
2;5;14;100000;0.1;0.0002;71
2;6;1;100000;0.1;0.0002;56
2;6;2;100000;0.1;0.0002;56
2;6;3;100000;0.1;0.0002;56
2;6;4;100000;0.1;0.0002;56
2;6;5;100000;0.1;0.0002;56
2;6;6;100000;0.1;0.0002;56
2;6;7;100000;0.1;0.0002;56
2;6;8;100000;0.1;0.0002;56
2;6;9;100000;0.1;0.0002;56
2;6;10;100000;0.1;0.0002;56
2;6;11;100000;0.1;0.0002;56
2;6;12;100000;0.1;0.0002;56
2;6;13;100000;0.1;0.0002;56
2;6;14;100000;0.1;0.0002;56
2;7;1;100000;0.1;0.0002;111
2;7;2;100000;0.1;0.0002;111
2;7;3;100000;0.1;0.0002;111
2;7;4;100000;0.1;0.0002;111
2;7;5;100000;0.1;0.0002;111
2;7;6;100000;0.1;0.0002;111
2;7;7;100000;0.1;0.0002;111
2;7;8;100000;0.1;0.0002;111
2;7;9;100000;0.1;0.0002;111
2;7;10;100000;0.1;0.0002;111
2;7;11;100000;0.1;0.0002;111
2;7;12;100000;0.1;0.0002;111
2;7;13;100000;0.1;0.0002;111
2;7;14;100000;0.1;0.0002;111
2;8;1;100000;0.1;0.0002;185
2;8;2;100000;0.1;0.0002;185
2;8;3;100000;0.1;0.0002;185
2;8;4;100000;0.1;0.0002;185
2;8;5;100000;0.1;0.0002;185
2;8;6;100000;0.1;0.0002;185
2;8;7;100000;0.1;0.0002;185
2;8;8;100000;0.1;0.0002;185
2;8;9;100000;0.1;0.0002;185
2;8;10;100000;0.1;0.0002;185
2;8;11;100000;0.1;0.0002;185
2;8;12;100000;0.1;0.0002;185
2;8;13;100000;0.1;0.0002;185
2;8;14;100000;0.1;0.0002;185
2;9;1;100000;0.1;0.0002;173
2;9;2;100000;0.1;0.0002;173
2;9;3;100000;0.1;0.0002;173
2;9;4;100000;0.1;0.0002;173
2;9;5;100000;0.1;0.0002;173
2;9;6;100000;0.1;0.0002;173
2;9;7;100000;0.1;0.0002;173
2;9;8;100000;0.1;0.0002;173
2;9;9;100000;0.1;0.0002;173
2;9;10;100000;0.1;0.0002;173
2;9;11;100000;0.1;0.0002;173
2;9;12;100000;0.1;0.0002;173
2;9;13;100000;0.1;0.0002;173
2;9;14;100000;0.1;0.0002;173
3;1;1;100000;0.1;0.0002;90
3;1;2;100000;0.1;0.0002;90
3;1;3;100000;0.1;0.0002;90
3;1;4;100000;0.1;0.0002;90
3;1;5;100000;0.1;0.0002;90
3;1;6;100000;0.1;0.0002;90
3;1;7;100000;0.1;0.0002;90
3;1;8;100000;0.1;0.0002;90
3;1;9;100000;0.1;0.0002;90
3;1;10;100000;0.1;0.0002;90
3;1;11;100000;0.1;0.0002;90
3;1;12;100000;0.1;0.0002;90
3;1;13;100000;0.1;0.0002;90
3;1;14;100000;0.1;0.0002;90
3;2;1;100000;0.1;0.0002;112
3;2;2;100000;0.1;0.0002;112
3;2;3;100000;0.1;0.0002;112
3;2;4;100000;0.1;0.0002;112
3;2;5;100000;0.1;0.0002;112
3;2;6;100000;0.1;0.0002;112
3;2;7;100000;0.1;0.0002;112
3;2;8;100000;0.1;0.0002;112
3;2;9;100000;0.1;0.0002;112
3;2;10;100000;0.1;0.0002;112
3;2;11;100000;0.1;0.0002;112
3;2;12;100000;0.1;0.0002;112
3;2;13;100000;0.1;0.0002;112
3;2;14;100000;0.1;0.0002;112
3;3;1;100000;0.1;0.0002;188
3;3;2;100000;0.1;0.0002;188
3;3;3;100000;0.1;0.0002;188
3;3;4;100000;0.1;0.0002;188
3;3;5;100000;0.1;0.0002;188
3;3;6;100000;0.1;0.0002;188
3;3;7;100000;0.1;0.0002;188
3;3;8;100000;0.1;0.0002;188
3;3;9;100000;0.1;0.0002;188
3;3;10;100000;0.1;0.0002;188
3;3;11;100000;0.1;0.0002;188
3;3;12;100000;0.1;0.0002;188
3;3;13;100000;0.1;0.0002;188
3;3;14;100000;0.1;0.0002;188
3;4;1;100000;0.1;0.0002;155
3;4;2;100000;0.1;0.0002;155
3;4;3;100000;0.1;0.0002;155
3;4;4;100000;0.1;0.0002;155
3;4;5;100000;0.1;0.0002;155
3;4;6;100000;0.1;0.0002;155
3;4;7;100000;0.1;0.0002;155
3;4;8;100000;0.1;0.0002;155
3;4;9;100000;0.1;0.0002;155
3;4;10;100000;0.1;0.0002;155
3;4;11;100000;0.1;0.0002;155
3;4;12;100000;0.1;0.0002;155
3;4;13;100000;0.1;0.0002;155
3;4;14;100000;0.1;0.0002;155
3;5;1;100000;0.1;0.0002;167
3;5;2;100000;0.1;0.0002;167
3;5;3;100000;0.1;0.0002;167
3;5;4;100000;0.1;0.0002;167
3;5;5;100000;0.1;0.0002;167
3;5;6;100000;0.1;0.0002;167
3;5;7;100000;0.1;0.0002;167
3;5;8;100000;0.1;0.0002;167
3;5;9;100000;0.1;0.0002;167
3;5;10;100000;0.1;0.0002;167
3;5;11;100000;0.1;0.0002;167
3;5;12;100000;0.1;0.0002;167
3;5;13;100000;0.1;0.0002;167
3;5;14;100000;0.1;0.0002;167
3;6;1;100000;0.1;0.0002;123
3;6;2;100000;0.1;0.0002;123
3;6;3;100000;0.1;0.0002;123
3;6;4;100000;0.1;0.0002;123
3;6;5;100000;0.1;0.0002;123
3;6;6;100000;0.1;0.0002;123
3;6;7;100000;0.1;0.0002;123
3;6;8;100000;0.1;0.0002;123
3;6;9;100000;0.1;0.0002;123
3;6;10;100000;0.1;0.0002;123
3;6;11;100000;0.1;0.0002;123
3;6;12;100000;0.1;0.0002;123
3;6;13;100000;0.1;0.0002;123
3;6;14;100000;0.1;0.0002;123
3;7;1;100000;0.1;0.0002;67
3;7;2;100000;0.1;0.0002;67
3;7;3;100000;0.1;0.0002;67
3;7;4;100000;0.1;0.0002;67
3;7;5;100000;0.1;0.0002;67
3;7;6;100000;0.1;0.0002;67
3;7;7;100000;0.1;0.0002;67
3;7;8;100000;0.1;0.0002;67
3;7;9;100000;0.1;0.0002;67
3;7;10;100000;0.1;0.0002;67
3;7;11;100000;0.1;0.0002;67
3;7;12;100000;0.1;0.0002;67
3;7;13;100000;0.1;0.0002;67
3;7;14;100000;0.1;0.0002;67
3;8;1;100000;0.1;0.0002;51
3;8;2;100000;0.1;0.0002;51
3;8;3;100000;0.1;0.0002;51
3;8;4;100000;0.1;0.0002;51
3;8;5;100000;0.1;0.0002;51
3;8;6;100000;0.1;0.0002;51
3;8;7;100000;0.1;0.0002;51
3;8;8;100000;0.1;0.0002;51
3;8;9;100000;0.1;0.0002;51
3;8;10;100000;0.1;0.0002;51
3;8;11;100000;0.1;0.0002;51
3;8;12;100000;0.1;0.0002;51
3;8;13;100000;0.1;0.0002;51
3;8;14;100000;0.1;0.0002;51
3;9;1;100000;0.1;0.0002;117
3;9;2;100000;0.1;0.0002;117
3;9;3;100000;0.1;0.0002;117
3;9;4;100000;0.1;0.0002;117
3;9;5;100000;0.1;0.0002;117
3;9;6;100000;0.1;0.0002;117
3;9;7;100000;0.1;0.0002;117
3;9;8;100000;0.1;0.0002;117
3;9;9;100000;0.1;0.0002;117
3;9;10;100000;0.1;0.0002;117
3;9;11;100000;0.1;0.0002;117
3;9;12;100000;0.1;0.0002;117
3;9;13;100000;0.1;0.0002;117
3;9;14;100000;0.1;0.0002;117
4;1;1;100000;0.1;0.0002;86
4;1;2;100000;0.1;0.0002;86
4;1;3;100000;0.1;0.0002;86
4;1;4;100000;0.1;0.0002;86
4;1;5;100000;0.1;0.0002;86
4;1;6;100000;0.1;0.0002;86
4;1;7;100000;0.1;0.0002;86
4;1;8;100000;0.1;0.0002;86
4;1;9;100000;0.1;0.0002;86
4;1;10;100000;0.1;0.0002;86
4;1;11;100000;0.1;0.0002;86
4;1;12;100000;0.1;0.0002;86
4;1;13;100000;0.1;0.0002;86
4;1;14;100000;0.1;0.0002;86
4;2;1;100000;0.1;0.0002;92
4;2;2;100000;0.1;0.0002;92
4;2;3;100000;0.1;0.0002;92
4;2;4;100000;0.1;0.0002;92
4;2;5;100000;0.1;0.0002;92
4;2;6;100000;0.1;0.0002;92
4;2;7;100000;0.1;0.0002;92
4;2;8;100000;0.1;0.0002;92
4;2;9;100000;0.1;0.0002;92
4;2;10;100000;0.1;0.0002;92
4;2;11;100000;0.1;0.0002;92
4;2;12;100000;0.1;0.0002;92
4;2;13;100000;0.1;0.0002;92
4;2;14;100000;0.1;0.0002;92
4;3;1;100000;0.1;0.0002;129
4;3;2;100000;0.1;0.0002;129
4;3;3;100000;0.1;0.0002;129
4;3;4;100000;0.1;0.0002;129
4;3;5;100000;0.1;0.0002;129
4;3;6;100000;0.1;0.0002;129
4;3;7;100000;0.1;0.0002;129
4;3;8;100000;0.1;0.0002;129
4;3;9;100000;0.1;0.0002;129
4;3;10;100000;0.1;0.0002;129
4;3;11;100000;0.1;0.0002;129
4;3;12;100000;0.1;0.0002;129
4;3;13;100000;0.1;0.0002;129
4;3;14;100000;0.1;0.0002;129
4;4;1;100000;0.1;0.0002;98
4;4;2;100000;0.1;0.0002;98
4;4;3;100000;0.1;0.0002;98
4;4;4;100000;0.1;0.0002;98
4;4;5;100000;0.1;0.0002;98
4;4;6;100000;0.1;0.0002;98
4;4;7;100000;0.1;0.0002;98
4;4;8;100000;0.1;0.0002;98
4;4;9;100000;0.1;0.0002;98
4;4;10;100000;0.1;0.0002;98
4;4;11;100000;0.1;0.0002;98
4;4;12;100000;0.1;0.0002;98
4;4;13;100000;0.1;0.0002;98
4;4;14;100000;0.1;0.0002;98
4;5;1;100000;0.1;0.0002;132
4;5;2;100000;0.1;0.0002;132
4;5;3;100000;0.1;0.0002;132
4;5;4;100000;0.1;0.0002;132
4;5;5;100000;0.1;0.0002;132
4;5;6;100000;0.1;0.0002;132
4;5;7;100000;0.1;0.0002;132
4;5;8;100000;0.1;0.0002;132
4;5;9;100000;0.1;0.0002;132
4;5;10;100000;0.1;0.0002;132
4;5;11;100000;0.1;0.0002;132
4;5;12;100000;0.1;0.0002;132
4;5;13;100000;0.1;0.0002;132
4;5;14;100000;0.1;0.0002;132
4;6;1;100000;0.1;0.0002;177
4;6;2;100000;0.1;0.0002;177
4;6;3;100000;0.1;0.0002;177
4;6;4;100000;0.1;0.0002;177
4;6;5;100000;0.1;0.0002;177
4;6;6;100000;0.1;0.0002;177
4;6;7;100000;0.1;0.0002;177
4;6;8;100000;0.1;0.0002;177
4;6;9;100000;0.1;0.0002;177
4;6;10;100000;0.1;0.0002;177
4;6;11;100000;0.1;0.0002;177
4;6;12;100000;0.1;0.0002;177
4;6;13;100000;0.1;0.0002;177
4;6;14;100000;0.1;0.0002;177
4;7;1;100000;0.1;0.0002;114
4;7;2;100000;0.1;0.0002;114
4;7;3;100000;0.1;0.0002;114
4;7;4;100000;0.1;0.0002;114
4;7;5;100000;0.1;0.0002;114
4;7;6;100000;0.1;0.0002;114
4;7;7;100000;0.1;0.0002;114
4;7;8;100000;0.1;0.0002;114
4;7;9;100000;0.1;0.0002;114
4;7;10;100000;0.1;0.0002;114
4;7;11;100000;0.1;0.0002;114
4;7;12;100000;0.1;0.0002;114
4;7;13;100000;0.1;0.0002;114
4;7;14;100000;0.1;0.0002;114
4;8;1;100000;0.1;0.0002;99
4;8;2;100000;0.1;0.0002;99
4;8;3;100000;0.1;0.0002;99
4;8;4;100000;0.1;0.0002;99
4;8;5;100000;0.1;0.0002;99
4;8;6;100000;0.1;0.0002;99
4;8;7;100000;0.1;0.0002;99
4;8;8;100000;0.1;0.0002;99
4;8;9;100000;0.1;0.0002;99
4;8;10;100000;0.1;0.0002;99
4;8;11;100000;0.1;0.0002;99
4;8;12;100000;0.1;0.0002;99
4;8;13;100000;0.1;0.0002;99
4;8;14;100000;0.1;0.0002;99
4;9;1;100000;0.1;0.0002;33
4;9;2;100000;0.1;0.0002;33
4;9;3;100000;0.1;0.0002;33
4;9;4;100000;0.1;0.0002;33
4;9;5;100000;0.1;0.0002;33
4;9;6;100000;0.1;0.0002;33
4;9;7;100000;0.1;0.0002;33
4;9;8;100000;0.1;0.0002;33
4;9;9;100000;0.1;0.0002;33
4;9;10;100000;0.1;0.0002;33
4;9;11;100000;0.1;0.0002;33
4;9;12;100000;0.1;0.0002;33
4;9;13;100000;0.1;0.0002;33
4;9;14;100000;0.1;0.0002;33
5;1;1;100000;0.1;0.0002;102
5;1;2;100000;0.1;0.0002;102
5;1;3;100000;0.1;0.0002;102
5;1;4;100000;0.1;0.0002;102
5;1;5;100000;0.1;0.0002;102
5;1;6;100000;0.1;0.0002;102
5;1;7;100000;0.1;0.0002;102
5;1;8;100000;0.1;0.0002;102
5;1;9;100000;0.1;0.0002;102
5;1;10;100000;0.1;0.0002;102
5;1;11;100000;0.1;0.0002;102
5;1;12;100000;0.1;0.0002;102
5;1;13;100000;0.1;0.0002;102
5;1;14;100000;0.1;0.0002;102
5;2;1;100000;0.1;0.0002;179
5;2;2;100000;0.1;0.0002;179
5;2;3;100000;0.1;0.0002;179
5;2;4;100000;0.1;0.0002;179
5;2;5;100000;0.1;0.0002;179
5;2;6;100000;0.1;0.0002;179
5;2;7;100000;0.1;0.0002;179
5;2;8;100000;0.1;0.0002;179
5;2;9;100000;0.1;0.0002;179
5;2;10;100000;0.1;0.0002;179
5;2;11;100000;0.1;0.0002;179
5;2;12;100000;0.1;0.0002;179
5;2;13;100000;0.1;0.0002;179
5;2;14;100000;0.1;0.0002;179
5;3;1;100000;0.1;0.0002;75
5;3;2;100000;0.1;0.0002;75
5;3;3;100000;0.1;0.0002;75
5;3;4;100000;0.1;0.0002;75
5;3;5;100000;0.1;0.0002;75
5;3;6;100000;0.1;0.0002;75
5;3;7;100000;0.1;0.0002;75
5;3;8;100000;0.1;0.0002;75
5;3;9;100000;0.1;0.0002;75
5;3;10;100000;0.1;0.0002;75
5;3;11;100000;0.1;0.0002;75
5;3;12;100000;0.1;0.0002;75
5;3;13;100000;0.1;0.0002;75
5;3;14;100000;0.1;0.0002;75
5;4;1;100000;0.1;0.0002;58
5;4;2;100000;0.1;0.0002;58
5;4;3;100000;0.1;0.0002;58
5;4;4;100000;0.1;0.0002;58
5;4;5;100000;0.1;0.0002;58
5;4;6;100000;0.1;0.0002;58
5;4;7;100000;0.1;0.0002;58
5;4;8;100000;0.1;0.0002;58
5;4;9;100000;0.1;0.0002;58
5;4;10;100000;0.1;0.0002;58
5;4;11;100000;0.1;0.0002;58
5;4;12;100000;0.1;0.0002;58
5;4;13;100000;0.1;0.0002;58
5;4;14;100000;0.1;0.0002;58
5;5;1;100000;0.1;0.0002;82
5;5;2;100000;0.1;0.0002;82
5;5;3;100000;0.1;0.0002;82
5;5;4;100000;0.1;0.0002;82
5;5;5;100000;0.1;0.0002;82
5;5;6;100000;0.1;0.0002;82
5;5;7;100000;0.1;0.0002;82
5;5;8;100000;0.1;0.0002;82
5;5;9;100000;0.1;0.0002;82
5;5;10;100000;0.1;0.0002;82
5;5;11;100000;0.1;0.0002;82
5;5;12;100000;0.1;0.0002;82
5;5;13;100000;0.1;0.0002;82
5;5;14;100000;0.1;0.0002;82
5;6;1;100000;0.1;0.0002;38
5;6;2;100000;0.1;0.0002;38
5;6;3;100000;0.1;0.0002;38
5;6;4;100000;0.1;0.0002;38
5;6;5;100000;0.1;0.0002;38
5;6;6;100000;0.1;0.0002;38
5;6;7;100000;0.1;0.0002;38
5;6;8;100000;0.1;0.0002;38
5;6;9;100000;0.1;0.0002;38
5;6;10;100000;0.1;0.0002;38
5;6;11;100000;0.1;0.0002;38
5;6;12;100000;0.1;0.0002;38
5;6;13;100000;0.1;0.0002;38
5;6;14;100000;0.1;0.0002;38
5;7;1;100000;0.1;0.0002;109
5;7;2;100000;0.1;0.0002;109
5;7;3;100000;0.1;0.0002;109
5;7;4;100000;0.1;0.0002;109
5;7;5;100000;0.1;0.0002;109
5;7;6;100000;0.1;0.0002;109
5;7;7;100000;0.1;0.0002;109
5;7;8;100000;0.1;0.0002;109
5;7;9;100000;0.1;0.0002;109
5;7;10;100000;0.1;0.0002;109
5;7;11;100000;0.1;0.0002;109
5;7;12;100000;0.1;0.0002;109
5;7;13;100000;0.1;0.0002;109
5;7;14;100000;0.1;0.0002;109
5;8;1;100000;0.1;0.0002;41
5;8;2;100000;0.1;0.0002;41
5;8;3;100000;0.1;0.0002;41
5;8;4;100000;0.1;0.0002;41
5;8;5;100000;0.1;0.0002;41
5;8;6;100000;0.1;0.0002;41
5;8;7;100000;0.1;0.0002;41
5;8;8;100000;0.1;0.0002;41
5;8;9;100000;0.1;0.0002;41
5;8;10;100000;0.1;0.0002;41
5;8;11;100000;0.1;0.0002;41
5;8;12;100000;0.1;0.0002;41
5;8;13;100000;0.1;0.0002;41
5;8;14;100000;0.1;0.0002;41
5;9;1;100000;0.1;0.0002;92
5;9;2;100000;0.1;0.0002;92
5;9;3;100000;0.1;0.0002;92
5;9;4;100000;0.1;0.0002;92
5;9;5;100000;0.1;0.0002;92
5;9;6;100000;0.1;0.0002;92
5;9;7;100000;0.1;0.0002;92
5;9;8;100000;0.1;0.0002;92
5;9;9;100000;0.1;0.0002;92
5;9;10;100000;0.1;0.0002;92
5;9;11;100000;0.1;0.0002;92
5;9;12;100000;0.1;0.0002;92
5;9;13;100000;0.1;0.0002;92
5;9;14;100000;0.1;0.0002;92
6;1;1;100000;0.1;0.0002;30
6;1;2;100000;0.1;0.0002;30
6;1;3;100000;0.1;0.0002;30
6;1;4;100000;0.1;0.0002;30
6;1;5;100000;0.1;0.0002;30
6;1;6;100000;0.1;0.0002;30
6;1;7;100000;0.1;0.0002;30
6;1;8;100000;0.1;0.0002;30
6;1;9;100000;0.1;0.0002;30
6;1;10;100000;0.1;0.0002;30
6;1;11;100000;0.1;0.0002;30
6;1;12;100000;0.1;0.0002;30
6;1;13;100000;0.1;0.0002;30
6;1;14;100000;0.1;0.0002;30
6;2;1;100000;0.1;0.0002;47
6;2;2;100000;0.1;0.0002;47
6;2;3;100000;0.1;0.0002;47
6;2;4;100000;0.1;0.0002;47
6;2;5;100000;0.1;0.0002;47
6;2;6;100000;0.1;0.0002;47
6;2;7;100000;0.1;0.0002;47
6;2;8;100000;0.1;0.0002;47
6;2;9;100000;0.1;0.0002;47
6;2;10;100000;0.1;0.0002;47
6;2;11;100000;0.1;0.0002;47
6;2;12;100000;0.1;0.0002;47
6;2;13;100000;0.1;0.0002;47
6;2;14;100000;0.1;0.0002;47
6;3;1;100000;0.1;0.0002;76
6;3;2;100000;0.1;0.0002;76
6;3;3;100000;0.1;0.0002;76
6;3;4;100000;0.1;0.0002;76
6;3;5;100000;0.1;0.0002;76
6;3;6;100000;0.1;0.0002;76
6;3;7;100000;0.1;0.0002;76
6;3;8;100000;0.1;0.0002;76
6;3;9;100000;0.1;0.0002;76
6;3;10;100000;0.1;0.0002;76
6;3;11;100000;0.1;0.0002;76
6;3;12;100000;0.1;0.0002;76
6;3;13;100000;0.1;0.0002;76
6;3;14;100000;0.1;0.0002;76
6;4;1;100000;0.1;0.0002;181
6;4;2;100000;0.1;0.0002;181
6;4;3;100000;0.1;0.0002;181
6;4;4;100000;0.1;0.0002;181
6;4;5;100000;0.1;0.0002;181
6;4;6;100000;0.1;0.0002;181
6;4;7;100000;0.1;0.0002;181
6;4;8;100000;0.1;0.0002;181
6;4;9;100000;0.1;0.0002;181
6;4;10;100000;0.1;0.0002;181
6;4;11;100000;0.1;0.0002;181
6;4;12;100000;0.1;0.0002;181
6;4;13;100000;0.1;0.0002;181
6;4;14;100000;0.1;0.0002;181
6;5;1;100000;0.1;0.0002;176
6;5;2;100000;0.1;0.0002;176
6;5;3;100000;0.1;0.0002;176
6;5;4;100000;0.1;0.0002;176
6;5;5;100000;0.1;0.0002;176
6;5;6;100000;0.1;0.0002;176
6;5;7;100000;0.1;0.0002;176
6;5;8;100000;0.1;0.0002;176
6;5;9;100000;0.1;0.0002;176
6;5;10;100000;0.1;0.0002;176
6;5;11;100000;0.1;0.0002;176
6;5;12;100000;0.1;0.0002;176
6;5;13;100000;0.1;0.0002;176
6;5;14;100000;0.1;0.0002;176
6;6;1;100000;0.1;0.0002;109
6;6;2;100000;0.1;0.0002;109
6;6;3;100000;0.1;0.0002;109
6;6;4;100000;0.1;0.0002;109
6;6;5;100000;0.1;0.0002;109
6;6;6;100000;0.1;0.0002;109
6;6;7;100000;0.1;0.0002;109
6;6;8;100000;0.1;0.0002;109
6;6;9;100000;0.1;0.0002;109
6;6;10;100000;0.1;0.0002;109
6;6;11;100000;0.1;0.0002;109
6;6;12;100000;0.1;0.0002;109
6;6;13;100000;0.1;0.0002;109
6;6;14;100000;0.1;0.0002;109
6;7;1;100000;0.1;0.0002;225
6;7;2;100000;0.1;0.0002;225
6;7;3;100000;0.1;0.0002;225
6;7;4;100000;0.1;0.0002;225
6;7;5;100000;0.1;0.0002;225
6;7;6;100000;0.1;0.0002;225
6;7;7;100000;0.1;0.0002;225
6;7;8;100000;0.1;0.0002;225
6;7;9;100000;0.1;0.0002;225
6;7;10;100000;0.1;0.0002;225
6;7;11;100000;0.1;0.0002;225
6;7;12;100000;0.1;0.0002;225
6;7;13;100000;0.1;0.0002;225
6;7;14;100000;0.1;0.0002;225
6;8;1;100000;0.1;0.0002;192
6;8;2;100000;0.1;0.0002;192
6;8;3;100000;0.1;0.0002;192
6;8;4;100000;0.1;0.0002;192
6;8;5;100000;0.1;0.0002;192
6;8;6;100000;0.1;0.0002;192
6;8;7;100000;0.1;0.0002;192
6;8;8;100000;0.1;0.0002;192
6;8;9;100000;0.1;0.0002;192
6;8;10;100000;0.1;0.0002;192
6;8;11;100000;0.1;0.0002;192
6;8;12;100000;0.1;0.0002;192
6;8;13;100000;0.1;0.0002;192
6;8;14;100000;0.1;0.0002;192
6;9;1;100000;0.1;0.0002;29
6;9;2;100000;0.1;0.0002;29
6;9;3;100000;0.1;0.0002;29
6;9;4;100000;0.1;0.0002;29
6;9;5;100000;0.1;0.0002;29
6;9;6;100000;0.1;0.0002;29
6;9;7;100000;0.1;0.0002;29
6;9;8;100000;0.1;0.0002;29
6;9;9;100000;0.1;0.0002;29
6;9;10;100000;0.1;0.0002;29
6;9;11;100000;0.1;0.0002;29
6;9;12;100000;0.1;0.0002;29
6;9;13;100000;0.1;0.0002;29
6;9;14;100000;0.1;0.0002;29
7;1;1;100000;0.1;0.0002;88
7;1;2;100000;0.1;0.0002;88
7;1;3;100000;0.1;0.0002;88
7;1;4;100000;0.1;0.0002;88
7;1;5;100000;0.1;0.0002;88
7;1;6;100000;0.1;0.0002;88
7;1;7;100000;0.1;0.0002;88
7;1;8;100000;0.1;0.0002;88
7;1;9;100000;0.1;0.0002;88
7;1;10;100000;0.1;0.0002;88
7;1;11;100000;0.1;0.0002;88
7;1;12;100000;0.1;0.0002;88
7;1;13;100000;0.1;0.0002;88
7;1;14;100000;0.1;0.0002;88
7;2;1;100000;0.1;0.0002;91
7;2;2;100000;0.1;0.0002;91
7;2;3;100000;0.1;0.0002;91
7;2;4;100000;0.1;0.0002;91
7;2;5;100000;0.1;0.0002;91
7;2;6;100000;0.1;0.0002;91
7;2;7;100000;0.1;0.0002;91
7;2;8;100000;0.1;0.0002;91
7;2;9;100000;0.1;0.0002;91
7;2;10;100000;0.1;0.0002;91
7;2;11;100000;0.1;0.0002;91
7;2;12;100000;0.1;0.0002;91
7;2;13;100000;0.1;0.0002;91
7;2;14;100000;0.1;0.0002;91
7;3;1;100000;0.1;0.0002;170
7;3;2;100000;0.1;0.0002;170
7;3;3;100000;0.1;0.0002;170
7;3;4;100000;0.1;0.0002;170
7;3;5;100000;0.1;0.0002;170
7;3;6;100000;0.1;0.0002;170
7;3;7;100000;0.1;0.0002;170
7;3;8;100000;0.1;0.0002;170
7;3;9;100000;0.1;0.0002;170
7;3;10;100000;0.1;0.0002;170
7;3;11;100000;0.1;0.0002;170
7;3;12;100000;0.1;0.0002;170
7;3;13;100000;0.1;0.0002;170
7;3;14;100000;0.1;0.0002;170
7;4;1;100000;0.1;0.0002;194
7;4;2;100000;0.1;0.0002;194
7;4;3;100000;0.1;0.0002;194
7;4;4;100000;0.1;0.0002;194
7;4;5;100000;0.1;0.0002;194
7;4;6;100000;0.1;0.0002;194
7;4;7;100000;0.1;0.0002;194
7;4;8;100000;0.1;0.0002;194
7;4;9;100000;0.1;0.0002;194
7;4;10;100000;0.1;0.0002;194
7;4;11;100000;0.1;0.0002;194
7;4;12;100000;0.1;0.0002;194
7;4;13;100000;0.1;0.0002;194
7;4;14;100000;0.1;0.0002;194
7;5;1;100000;0.1;0.0002;199
7;5;2;100000;0.1;0.0002;199
7;5;3;100000;0.1;0.0002;199
7;5;4;100000;0.1;0.0002;199
7;5;5;100000;0.1;0.0002;199
7;5;6;100000;0.1;0.0002;199
7;5;7;100000;0.1;0.0002;199
7;5;8;100000;0.1;0.0002;199
7;5;9;100000;0.1;0.0002;199
7;5;10;100000;0.1;0.0002;199
7;5;11;100000;0.1;0.0002;199
7;5;12;100000;0.1;0.0002;199
7;5;13;100000;0.1;0.0002;199
7;5;14;100000;0.1;0.0002;199
7;6;1;100000;0.1;0.0002;201
7;6;2;100000;0.1;0.0002;201
7;6;3;100000;0.1;0.0002;201
7;6;4;100000;0.1;0.0002;201
7;6;5;100000;0.1;0.0002;201
7;6;6;100000;0.1;0.0002;201
7;6;7;100000;0.1;0.0002;201
7;6;8;100000;0.1;0.0002;201
7;6;9;100000;0.1;0.0002;201
7;6;10;100000;0.1;0.0002;201
7;6;11;100000;0.1;0.0002;201
7;6;12;100000;0.1;0.0002;201
7;6;13;100000;0.1;0.0002;201
7;6;14;100000;0.1;0.0002;201
7;7;1;100000;0.1;0.0002;137
7;7;2;100000;0.1;0.0002;137
7;7;3;100000;0.1;0.0002;137
7;7;4;100000;0.1;0.0002;137
7;7;5;100000;0.1;0.0002;137
7;7;6;100000;0.1;0.0002;137
7;7;7;100000;0.1;0.0002;137
7;7;8;100000;0.1;0.0002;137
7;7;9;100000;0.1;0.0002;137
7;7;10;100000;0.1;0.0002;137
7;7;11;100000;0.1;0.0002;137
7;7;12;100000;0.1;0.0002;137
7;7;13;100000;0.1;0.0002;137
7;7;14;100000;0.1;0.0002;137
7;8;1;100000;0.1;0.0002;39
7;8;2;100000;0.1;0.0002;39
7;8;3;100000;0.1;0.0002;39
7;8;4;100000;0.1;0.0002;39
7;8;5;100000;0.1;0.0002;39
7;8;6;100000;0.1;0.0002;39
7;8;7;100000;0.1;0.0002;39
7;8;8;100000;0.1;0.0002;39
7;8;9;100000;0.1;0.0002;39
7;8;10;100000;0.1;0.0002;39
7;8;11;100000;0.1;0.0002;39
7;8;12;100000;0.1;0.0002;39
7;8;13;100000;0.1;0.0002;39
7;8;14;100000;0.1;0.0002;39
7;9;1;100000;0.1;0.0002;74
7;9;2;100000;0.1;0.0002;74
7;9;3;100000;0.1;0.0002;74
7;9;4;100000;0.1;0.0002;74
7;9;5;100000;0.1;0.0002;74
7;9;6;100000;0.1;0.0002;74
7;9;7;100000;0.1;0.0002;74
7;9;8;100000;0.1;0.0002;74
7;9;9;100000;0.1;0.0002;74
7;9;10;100000;0.1;0.0002;74
7;9;11;100000;0.1;0.0002;74
7;9;12;100000;0.1;0.0002;74
7;9;13;100000;0.1;0.0002;74
7;9;14;100000;0.1;0.0002;74
8;1;1;100000;0.1;0.0002;81
8;1;2;100000;0.1;0.0002;81
8;1;3;100000;0.1;0.0002;81
8;1;4;100000;0.1;0.0002;81
8;1;5;100000;0.1;0.0002;81
8;1;6;100000;0.1;0.0002;81
8;1;7;100000;0.1;0.0002;81
8;1;8;100000;0.1;0.0002;81
8;1;9;100000;0.1;0.0002;81
8;1;10;100000;0.1;0.0002;81
8;1;11;100000;0.1;0.0002;81
8;1;12;100000;0.1;0.0002;81
8;1;13;100000;0.1;0.0002;81
8;1;14;100000;0.1;0.0002;81
8;2;1;100000;0.1;0.0002;66
8;2;2;100000;0.1;0.0002;66
8;2;3;100000;0.1;0.0002;66
8;2;4;100000;0.1;0.0002;66
8;2;5;100000;0.1;0.0002;66
8;2;6;100000;0.1;0.0002;66
8;2;7;100000;0.1;0.0002;66
8;2;8;100000;0.1;0.0002;66
8;2;9;100000;0.1;0.0002;66
8;2;10;100000;0.1;0.0002;66
8;2;11;100000;0.1;0.0002;66
8;2;12;100000;0.1;0.0002;66
8;2;13;100000;0.1;0.0002;66
8;2;14;100000;0.1;0.0002;66
8;3;1;100000;0.1;0.0002;91
8;3;2;100000;0.1;0.0002;91
8;3;3;100000;0.1;0.0002;91
8;3;4;100000;0.1;0.0002;91
8;3;5;100000;0.1;0.0002;91
8;3;6;100000;0.1;0.0002;91
8;3;7;100000;0.1;0.0002;91
8;3;8;100000;0.1;0.0002;91
8;3;9;100000;0.1;0.0002;91
8;3;10;100000;0.1;0.0002;91
8;3;11;100000;0.1;0.0002;91
8;3;12;100000;0.1;0.0002;91
8;3;13;100000;0.1;0.0002;91
8;3;14;100000;0.1;0.0002;91
8;4;1;100000;0.1;0.0002;89
8;4;2;100000;0.1;0.0002;89
8;4;3;100000;0.1;0.0002;89
8;4;4;100000;0.1;0.0002;89
8;4;5;100000;0.1;0.0002;89
8;4;6;100000;0.1;0.0002;89
8;4;7;100000;0.1;0.0002;89
8;4;8;100000;0.1;0.0002;89
8;4;9;100000;0.1;0.0002;89
8;4;10;100000;0.1;0.0002;89
8;4;11;100000;0.1;0.0002;89
8;4;12;100000;0.1;0.0002;89
8;4;13;100000;0.1;0.0002;89
8;4;14;100000;0.1;0.0002;89
8;5;1;100000;0.1;0.0002;70
8;5;2;100000;0.1;0.0002;70
8;5;3;100000;0.1;0.0002;70
8;5;4;100000;0.1;0.0002;70
8;5;5;100000;0.1;0.0002;70
8;5;6;100000;0.1;0.0002;70
8;5;7;100000;0.1;0.0002;70
8;5;8;100000;0.1;0.0002;70
8;5;9;100000;0.1;0.0002;70
8;5;10;100000;0.1;0.0002;70
8;5;11;100000;0.1;0.0002;70
8;5;12;100000;0.1;0.0002;70
8;5;13;100000;0.1;0.0002;70
8;5;14;100000;0.1;0.0002;70
8;6;1;100000;0.1;0.0002;23
8;6;2;100000;0.1;0.0002;23
8;6;3;100000;0.1;0.0002;23
8;6;4;100000;0.1;0.0002;23
8;6;5;100000;0.1;0.0002;23
8;6;6;100000;0.1;0.0002;23
8;6;7;100000;0.1;0.0002;23
8;6;8;100000;0.1;0.0002;23
8;6;9;100000;0.1;0.0002;23
8;6;10;100000;0.1;0.0002;23
8;6;11;100000;0.1;0.0002;23
8;6;12;100000;0.1;0.0002;23
8;6;13;100000;0.1;0.0002;23
8;6;14;100000;0.1;0.0002;23
8;7;1;100000;0.1;0.0002;118
8;7;2;100000;0.1;0.0002;118
8;7;3;100000;0.1;0.0002;118
8;7;4;100000;0.1;0.0002;118
8;7;5;100000;0.1;0.0002;118
8;7;6;100000;0.1;0.0002;118
8;7;7;100000;0.1;0.0002;118
8;7;8;100000;0.1;0.0002;118
8;7;9;100000;0.1;0.0002;118
8;7;10;100000;0.1;0.0002;118
8;7;11;100000;0.1;0.0002;118
8;7;12;100000;0.1;0.0002;118
8;7;13;100000;0.1;0.0002;118
8;7;14;100000;0.1;0.0002;118
8;8;1;100000;0.1;0.0002;71
8;8;2;100000;0.1;0.0002;71
8;8;3;100000;0.1;0.0002;71
8;8;4;100000;0.1;0.0002;71
8;8;5;100000;0.1;0.0002;71
8;8;6;100000;0.1;0.0002;71
8;8;7;100000;0.1;0.0002;71
8;8;8;100000;0.1;0.0002;71
8;8;9;100000;0.1;0.0002;71
8;8;10;100000;0.1;0.0002;71
8;8;11;100000;0.1;0.0002;71
8;8;12;100000;0.1;0.0002;71
8;8;13;100000;0.1;0.0002;71
8;8;14;100000;0.1;0.0002;71
8;9;1;100000;0.1;0.0002;52
8;9;2;100000;0.1;0.0002;52
8;9;3;100000;0.1;0.0002;52
8;9;4;100000;0.1;0.0002;52
8;9;5;100000;0.1;0.0002;52
8;9;6;100000;0.1;0.0002;52
8;9;7;100000;0.1;0.0002;52
8;9;8;100000;0.1;0.0002;52
8;9;9;100000;0.1;0.0002;52
8;9;10;100000;0.1;0.0002;52
8;9;11;100000;0.1;0.0002;52
8;9;12;100000;0.1;0.0002;52
8;9;13;100000;0.1;0.0002;52
8;9;14;100000;0.1;0.0002;52
9;1;1;100000;0.1;0.0002;67
9;1;2;100000;0.1;0.0002;67
9;1;3;100000;0.1;0.0002;67
9;1;4;100000;0.1;0.0002;67
9;1;5;100000;0.1;0.0002;67
9;1;6;100000;0.1;0.0002;67
9;1;7;100000;0.1;0.0002;67
9;1;8;100000;0.1;0.0002;67
9;1;9;100000;0.1;0.0002;67
9;1;10;100000;0.1;0.0002;67
9;1;11;100000;0.1;0.0002;67
9;1;12;100000;0.1;0.0002;67
9;1;13;100000;0.1;0.0002;67
9;1;14;100000;0.1;0.0002;67
9;2;1;100000;0.1;0.0002;86
9;2;2;100000;0.1;0.0002;86
9;2;3;100000;0.1;0.0002;86
9;2;4;100000;0.1;0.0002;86
9;2;5;100000;0.1;0.0002;86
9;2;6;100000;0.1;0.0002;86
9;2;7;100000;0.1;0.0002;86
9;2;8;100000;0.1;0.0002;86
9;2;9;100000;0.1;0.0002;86
9;2;10;100000;0.1;0.0002;86
9;2;11;100000;0.1;0.0002;86
9;2;12;100000;0.1;0.0002;86
9;2;13;100000;0.1;0.0002;86
9;2;14;100000;0.1;0.0002;86
9;3;1;100000;0.1;0.0002;148
9;3;2;100000;0.1;0.0002;148
9;3;3;100000;0.1;0.0002;148
9;3;4;100000;0.1;0.0002;148
9;3;5;100000;0.1;0.0002;148
9;3;6;100000;0.1;0.0002;148
9;3;7;100000;0.1;0.0002;148
9;3;8;100000;0.1;0.0002;148
9;3;9;100000;0.1;0.0002;148
9;3;10;100000;0.1;0.0002;148
9;3;11;100000;0.1;0.0002;148
9;3;12;100000;0.1;0.0002;148
9;3;13;100000;0.1;0.0002;148
9;3;14;100000;0.1;0.0002;148
9;4;1;100000;0.1;0.0002;107
9;4;2;100000;0.1;0.0002;107
9;4;3;100000;0.1;0.0002;107
9;4;4;100000;0.1;0.0002;107
9;4;5;100000;0.1;0.0002;107
9;4;6;100000;0.1;0.0002;107
9;4;7;100000;0.1;0.0002;107
9;4;8;100000;0.1;0.0002;107
9;4;9;100000;0.1;0.0002;107
9;4;10;100000;0.1;0.0002;107
9;4;11;100000;0.1;0.0002;107
9;4;12;100000;0.1;0.0002;107
9;4;13;100000;0.1;0.0002;107
9;4;14;100000;0.1;0.0002;107
9;5;1;100000;0.1;0.0002;43
9;5;2;100000;0.1;0.0002;43
9;5;3;100000;0.1;0.0002;43
9;5;4;100000;0.1;0.0002;43
9;5;5;100000;0.1;0.0002;43
9;5;6;100000;0.1;0.0002;43
9;5;7;100000;0.1;0.0002;43
9;5;8;100000;0.1;0.0002;43
9;5;9;100000;0.1;0.0002;43
9;5;10;100000;0.1;0.0002;43
9;5;11;100000;0.1;0.0002;43
9;5;12;100000;0.1;0.0002;43
9;5;13;100000;0.1;0.0002;43
9;5;14;100000;0.1;0.0002;43
9;6;1;100000;0.1;0.0002;92
9;6;2;100000;0.1;0.0002;92
9;6;3;100000;0.1;0.0002;92
9;6;4;100000;0.1;0.0002;92
9;6;5;100000;0.1;0.0002;92
9;6;6;100000;0.1;0.0002;92
9;6;7;100000;0.1;0.0002;92
9;6;8;100000;0.1;0.0002;92
9;6;9;100000;0.1;0.0002;92
9;6;10;100000;0.1;0.0002;92
9;6;11;100000;0.1;0.0002;92
9;6;12;100000;0.1;0.0002;92
9;6;13;100000;0.1;0.0002;92
9;6;14;100000;0.1;0.0002;92
9;7;1;100000;0.1;0.0002;115
9;7;2;100000;0.1;0.0002;115
9;7;3;100000;0.1;0.0002;115
9;7;4;100000;0.1;0.0002;115
9;7;5;100000;0.1;0.0002;115
9;7;6;100000;0.1;0.0002;115
9;7;7;100000;0.1;0.0002;115
9;7;8;100000;0.1;0.0002;115
9;7;9;100000;0.1;0.0002;115
9;7;10;100000;0.1;0.0002;115
9;7;11;100000;0.1;0.0002;115
9;7;12;100000;0.1;0.0002;115
9;7;13;100000;0.1;0.0002;115
9;7;14;100000;0.1;0.0002;115
9;8;1;100000;0.1;0.0002;128
9;8;2;100000;0.1;0.0002;128
9;8;3;100000;0.1;0.0002;128
9;8;4;100000;0.1;0.0002;128
9;8;5;100000;0.1;0.0002;128
9;8;6;100000;0.1;0.0002;128
9;8;7;100000;0.1;0.0002;128
9;8;8;100000;0.1;0.0002;128
9;8;9;100000;0.1;0.0002;128
9;8;10;100000;0.1;0.0002;128
9;8;11;100000;0.1;0.0002;128
9;8;12;100000;0.1;0.0002;128
9;8;13;100000;0.1;0.0002;128
9;8;14;100000;0.1;0.0002;128
9;9;1;100000;0.1;0.0002;58
9;9;2;100000;0.1;0.0002;58
9;9;3;100000;0.1;0.0002;58
9;9;4;100000;0.1;0.0002;58
9;9;5;100000;0.1;0.0002;58
9;9;6;100000;0.1;0.0002;58
9;9;7;100000;0.1;0.0002;58
9;9;8;100000;0.1;0.0002;58
9;9;9;100000;0.1;0.0002;58
9;9;10;100000;0.1;0.0002;58
9;9;11;100000;0.1;0.0002;58
9;9;12;100000;0.1;0.0002;58
9;9;13;100000;0.1;0.0002;58
9;9;14;100000;0.1;0.0002;58
10;1;1;100000;0.1;0.0002;182
10;1;2;100000;0.1;0.0002;182
10;1;3;100000;0.1;0.0002;182
10;1;4;100000;0.1;0.0002;182
10;1;5;100000;0.1;0.0002;182
10;1;6;100000;0.1;0.0002;182
10;1;7;100000;0.1;0.0002;182
10;1;8;100000;0.1;0.0002;182
10;1;9;100000;0.1;0.0002;182
10;1;10;100000;0.1;0.0002;182
10;1;11;100000;0.1;0.0002;182
10;1;12;100000;0.1;0.0002;182
10;1;13;100000;0.1;0.0002;182
10;1;14;100000;0.1;0.0002;182
10;2;1;100000;0.1;0.0002;177
10;2;2;100000;0.1;0.0002;177
10;2;3;100000;0.1;0.0002;177
10;2;4;100000;0.1;0.0002;177
10;2;5;100000;0.1;0.0002;177
10;2;6;100000;0.1;0.0002;177
10;2;7;100000;0.1;0.0002;177
10;2;8;100000;0.1;0.0002;177
10;2;9;100000;0.1;0.0002;177
10;2;10;100000;0.1;0.0002;177
10;2;11;100000;0.1;0.0002;177
10;2;12;100000;0.1;0.0002;177
10;2;13;100000;0.1;0.0002;177
10;2;14;100000;0.1;0.0002;177
10;3;1;100000;0.1;0.0002;36
10;3;2;100000;0.1;0.0002;36
10;3;3;100000;0.1;0.0002;36
10;3;4;100000;0.1;0.0002;36
10;3;5;100000;0.1;0.0002;36
10;3;6;100000;0.1;0.0002;36
10;3;7;100000;0.1;0.0002;36
10;3;8;100000;0.1;0.0002;36
10;3;9;100000;0.1;0.0002;36
10;3;10;100000;0.1;0.0002;36
10;3;11;100000;0.1;0.0002;36
10;3;12;100000;0.1;0.0002;36
10;3;13;100000;0.1;0.0002;36
10;3;14;100000;0.1;0.0002;36
10;4;1;100000;0.1;0.0002;139
10;4;2;100000;0.1;0.0002;139
10;4;3;100000;0.1;0.0002;139
10;4;4;100000;0.1;0.0002;139
10;4;5;100000;0.1;0.0002;139
10;4;6;100000;0.1;0.0002;139
10;4;7;100000;0.1;0.0002;139
10;4;8;100000;0.1;0.0002;139
10;4;9;100000;0.1;0.0002;139
10;4;10;100000;0.1;0.0002;139
10;4;11;100000;0.1;0.0002;139
10;4;12;100000;0.1;0.0002;139
10;4;13;100000;0.1;0.0002;139
10;4;14;100000;0.1;0.0002;139
10;5;1;100000;0.1;0.0002;54
10;5;2;100000;0.1;0.0002;54
10;5;3;100000;0.1;0.0002;54
10;5;4;100000;0.1;0.0002;54
10;5;5;100000;0.1;0.0002;54
10;5;6;100000;0.1;0.0002;54
10;5;7;100000;0.1;0.0002;54
10;5;8;100000;0.1;0.0002;54
10;5;9;100000;0.1;0.0002;54
10;5;10;100000;0.1;0.0002;54
10;5;11;100000;0.1;0.0002;54
10;5;12;100000;0.1;0.0002;54
10;5;13;100000;0.1;0.0002;54
10;5;14;100000;0.1;0.0002;54
10;6;1;100000;0.1;0.0002;28
10;6;2;100000;0.1;0.0002;28
10;6;3;100000;0.1;0.0002;28
10;6;4;100000;0.1;0.0002;28
10;6;5;100000;0.1;0.0002;28
10;6;6;100000;0.1;0.0002;28
10;6;7;100000;0.1;0.0002;28
10;6;8;100000;0.1;0.0002;28
10;6;9;100000;0.1;0.0002;28
10;6;10;100000;0.1;0.0002;28
10;6;11;100000;0.1;0.0002;28
10;6;12;100000;0.1;0.0002;28
10;6;13;100000;0.1;0.0002;28
10;6;14;100000;0.1;0.0002;28
10;7;1;100000;0.1;0.0002;50
10;7;2;100000;0.1;0.0002;50
10;7;3;100000;0.1;0.0002;50
10;7;4;100000;0.1;0.0002;50
10;7;5;100000;0.1;0.0002;50
10;7;6;100000;0.1;0.0002;50
10;7;7;100000;0.1;0.0002;50
10;7;8;100000;0.1;0.0002;50
10;7;9;100000;0.1;0.0002;50
10;7;10;100000;0.1;0.0002;50
10;7;11;100000;0.1;0.0002;50
10;7;12;100000;0.1;0.0002;50
10;7;13;100000;0.1;0.0002;50
10;7;14;100000;0.1;0.0002;50
10;8;1;100000;0.1;0.0002;123
10;8;2;100000;0.1;0.0002;123
10;8;3;100000;0.1;0.0002;123
10;8;4;100000;0.1;0.0002;123
10;8;5;100000;0.1;0.0002;123
10;8;6;100000;0.1;0.0002;123
10;8;7;100000;0.1;0.0002;123
10;8;8;100000;0.1;0.0002;123
10;8;9;100000;0.1;0.0002;123
10;8;10;100000;0.1;0.0002;123
10;8;11;100000;0.1;0.0002;123
10;8;12;100000;0.1;0.0002;123
10;8;13;100000;0.1;0.0002;123
10;8;14;100000;0.1;0.0002;123
10;9;1;100000;0.1;0.0002;97
10;9;2;100000;0.1;0.0002;97
10;9;3;100000;0.1;0.0002;97
10;9;4;100000;0.1;0.0002;97
10;9;5;100000;0.1;0.0002;97
10;9;6;100000;0.1;0.0002;97
10;9;7;100000;0.1;0.0002;97
10;9;8;100000;0.1;0.0002;97
10;9;9;100000;0.1;0.0002;97
10;9;10;100000;0.1;0.0002;97
10;9;11;100000;0.1;0.0002;97
10;9;12;100000;0.1;0.0002;97
10;9;13;100000;0.1;0.0002;97
10;9;14;100000;0.1;0.0002;97


